"","id","name","url","campaigns","ideas","ideas_in_review","ideas_in_progress","ideas_complete","users","contributors","votes","up_votes","down_votes","comments","language","first_idea_dt","last_idea_dt","lifetime_days","moderators","tags","lifecycle_states"
"1",7886,"A Capital Idea","http://capgaz.ideascale.com",4,101,3,2,9,298,139,546,345,201,63,"en","2010-04-07 16:30:54-07:00","2012-03-19 12:36:50-07:00",711,3,63,"active offtopic review recyclebin complete progress"
"2",21430,"A-Team So@t","http://agileteamsoat.ideascale.com",2,69,0,0,0,6,5,180,168,12,51,"fr","2012-11-15 00:56:00-08:00","2012-11-30 02:10:16-08:00",15,1,93,"active"
"3",8325,"AGILEMinds Community","http://agileminds.ideascale.com",5,73,0,0,20,32,28,145,136,9,15,"en","2010-04-05 03:59:06-07:00","2011-11-28 03:49:35-08:00",602,1,10,"active complete"
"4",25922,"ALE2014 Unconference Co-Creation","http://ale2014.ideascale.com",3,20,0,0,0,226,91,255,236,19,32,"en","2013-09-09 14:58:12-07:00","2014-01-02 15:53:24-08:00",115,1,12,"active"
"5",31314,"ALE2015 Unconference Co-Creation","http://ale2015.ideascale.com",3,23,0,0,0,190,155,244,244,0,29,"en","2014-08-25 11:03:28-07:00","2014-12-22 05:52:48-08:00",118,1,18,"active"
"6",30879,"API Developers Forum","http://apiforum.ideascale.com",9,281,0,0,6,1081,263,523,477,46,681,"en","2012-03-07 12:11:33-08:00","2015-02-11 11:16:35-08:00",1070,3,448,"active offtopic recyclebin complete"
"7",24619,"ASAE13","http://asae13.ideascale.com",2,97,0,0,0,78,64,1893,1086,807,60,"en","2013-07-30 07:45:07-07:00","2014-05-16 11:30:39-07:00",290,1,64,"active"
"8",26090,"ASSUM","http://assum.ideascale.com",5,144,3,12,1,9,7,281,278,3,56,"fr","2013-09-20 05:42:59-07:00","2015-02-26 05:38:51-08:00",524,1,230,"active recyclebin offtopic complete progress review"
"9",14079,"ASU Libraries 'Come Together' Retreat Ideas Site","http://asucometogether.ideascale.com",2,30,0,0,0,59,57,494,398,96,21,"en","2011-05-16 11:31:23-07:00","2011-06-13 09:29:11-07:00",27,0,8,"active"
"10",23485,"ATS Online Marketplace for iMIS","http://atsstore.ideascale.com",3,64,0,1,10,44,36,194,194,0,37,"en","2013-05-01 11:54:41-07:00","2015-03-04 06:53:58-08:00",671,1,157,"active complete progress recyclebin"
"11",18135,"Accure Technologies","http://accuretech.ideascale.com",3,22,0,0,0,19,4,15,10,5,29,"en","2012-02-22 05:40:51-08:00","2012-10-04 01:55:54-07:00",224,2,25,"active"
"12",16616,"Activism Ideas for the 99%","http://99percent.ideascale.com",6,38,0,0,0,9,6,9,9,0,5,"en","2011-11-02 06:07:40-07:00","2013-05-01 01:56:33-07:00",545,1,63,"active"
"13",4070,"Activities and Proposal","http://assembly09.ideascale.com",6,21,0,0,0,31,7,38,32,2,22,"en","2009-05-22 08:18:22-07:00","2009-07-09 04:19:35-07:00",47,0,12,"active"
"14",13494,"Acunetix Web Vulnerability Scanner feature requests","http://acunetixwvs.ideascale.com",1,175,1,1,18,225,191,622,590,32,145,"en","2011-04-11 01:03:14-07:00","2015-03-06 08:06:19-08:00",1425,1,282,"active recyclebin complete review progress offtopic"
"15",11786,"Adobe Captivate Ideas","http://captivateideas.ideascale.com",11,313,0,30,27,410,328,3866,3710,156,378,"en","2010-12-13 02:20:44-08:00","2015-02-17 11:14:44-08:00",1527,1,472,"active progress complete offtopic recyclebin"
"16",20391,"Agile Play Ground","http://agileplayground.ideascale.com",28,771,0,0,0,70,62,1264,1262,2,262,"fr","2012-09-06 00:41:26-07:00","2015-03-06 00:16:56-08:00",911,1,588,"active"
"17",21286,"Agile Wpg","http://agilewpg.ideascale.com",1,22,0,0,3,31,25,113,110,3,8,"en","2012-11-02 15:55:49-07:00","2013-10-24 12:58:06-07:00",355,2,51,"active complete"
"18",29409,"Agroton","http://agroton.ideascale.com",5,168,0,0,0,461,305,3587,3152,435,101,"es","2014-05-03 08:58:03-07:00","2014-05-09 15:08:33-07:00",6,1,562,"active"
"19",13810,"Alberta Co-op Cafe","http://albertacoopcafe.ideascale.com",5,49,0,0,0,65,41,74,73,1,22,"en","2011-05-02 10:53:00-07:00","2014-03-20 03:19:11-07:00",1052,0,80,"active"
"20",13292,"Album Suggestions","http://thelongplayer.ideascale.com",2,177,0,0,0,52,36,721,532,189,9,"en","2011-03-23 08:38:19-07:00","2012-05-04 10:45:47-07:00",408,1,4,"active recyclebin"
"21",19163,"Alkosto eCommerce","http://alkosto.ideascale.com",4,38,2,3,2,84,19,77,73,4,13,"pt","2012-05-10 14:31:19-07:00","2014-08-25 15:55:41-07:00",837,1,50,"active progress review complete"
"22",14754,"Alpha Software Features Wishlist","http://alphasoftware.ideascale.com",1,236,65,17,17,184,171,1738,1651,87,361,"en","2011-06-28 08:32:37-07:00","2015-01-29 11:45:47-08:00",1311,1,379,"active review progress complete"
"23",20680,"Alternativa Geologica per la Puglia","http://alternativageologica.ideascale.com",5,20,0,0,0,31,18,154,152,2,29,"it","2012-09-22 15:36:15-07:00","2013-04-18 08:22:05-07:00",207,2,43,"active"
"24",28410,"Ambient Intelligence Technology and Design","http://ami-polito.ideascale.com",1,69,0,0,0,44,37,106,95,11,26,"en","2014-03-11 06:50:54-07:00","2014-03-24 03:04:51-07:00",12,0,152,"active"
"25",10727,"Analytics Link Wish List","http://eal.ideascale.com",8,20,0,0,6,16,12,20,20,0,11,"en","2010-09-29 14:53:40-07:00","2011-04-29 11:09:15-07:00",211,1,4,"active complete"
"26",26023,"Ann Arbor Muslims","http://a2muslims.ideascale.com",3,21,0,1,3,31,29,132,126,6,46,"en","2014-01-30 09:23:55-08:00","2014-06-25 14:36:30-07:00",146,2,34,"active complete progress"
"27",21143,"AntiCor Tunisia Ideas","http://anticor.ideascale.com",5,90,0,0,0,185,108,411,351,60,67,"fr","2012-11-21 03:27:08-08:00","2013-11-25 00:18:41-08:00",368,0,66,"active"
"28",6800,"Asia Insight Office Ideation Team","http://aioffice.ideascale.com",8,43,0,0,0,10,5,37,37,0,7,"en","2009-12-29 02:07:13-08:00","2010-01-04 19:33:10-08:00",6,1,0,"active"
"29",25501,"Atomic Learning Think Tank","http://ideas.atomiclearning.com",6,355,27,16,34,323,211,1369,1232,137,177,"en","2013-08-21 08:59:21-07:00","2015-03-05 11:34:59-08:00",561,6,439,"active review complete progress recyclebin"
"30",26744,"Avira Feedback Community","http://avira.ideascale.com",14,1660,30,14,15,2406,1227,1952,1712,240,992,"en","2014-03-10 08:10:09-07:00","2015-03-06 02:06:28-08:00",360,5,257,"recyclebin active offtopic review complete progress"
"31",11496,"AwardPro User Group","http://awardpro.ideascale.com",1,68,1,0,0,19,17,148,147,1,29,"en","2010-11-22 08:46:02-08:00","2013-01-20 22:41:12-08:00",790,1,15,"active recyclebin review"
"32",18961,"archinool1","http://archinool1.ideascale.com",1,23,0,0,0,6,4,16,16,0,12,"iw","2012-04-24 09:32:18-07:00","2012-04-30 02:43:50-07:00",5,1,0,"active"
"33",30725,"BCPL","http://bcpl.ideascale.com",5,49,0,0,0,73,72,2019,1466,553,48,"en","2014-07-16 07:58:12-07:00","2014-07-23 06:46:20-07:00",6,1,153,"active recyclebin"
"34",15468,"BEMODEL","http://bemodel.ideascale.com",1,40,1,0,30,85,43,21,20,1,38,"en","2011-08-14 01:40:40-07:00","2012-10-19 06:45:29-07:00",432,1,0,"active recyclebin review complete"
"35",2721,"BI Suggestions Box","http://bi.ideascale.com",7,39,0,0,0,21,3,34,11,3,19,"en","2009-01-14 15:08:15-08:00","2009-03-17 15:44:01-07:00",61,1,7,"active"
"36",20264,"BIT","http://uvtbit.ideascale.com",2,114,0,0,0,361,148,1157,588,569,9,"en","2013-09-02 09:11:32-07:00","2013-11-16 05:39:07-08:00",74,1,241,"active"
"37",28547,"BOOK REVIEWS","http://bookreviews.ideascale.com",6,35,0,1,0,13,8,19,13,1,7,"en","2014-03-10 18:09:25-07:00","2015-02-19 21:09:45-08:00",346,1,14,"active stage-comiteereview progress offtopic"
"38",27596,"BPL Central Renovation","http://bplrenovation.ideascale.com",1,53,0,0,0,101,80,650,603,47,66,"en","2014-01-06 11:58:10-08:00","2014-06-04 11:10:01-07:00",148,1,117,"active"
"39",29263,"Banif","http://banif.ideascale.com",3,108,0,0,0,66,43,783,772,11,87,"pt","2014-06-04 06:38:52-07:00","2015-02-27 11:32:47-08:00",268,2,113,"active"
"40",4656,"BarCampMelbourne2009","http://barcampmelbourne2009.ideascale.com",1,23,0,0,0,236,15,65,56,5,52,"en","2009-07-04 22:46:14-07:00","2009-09-08 04:43:02-07:00",65,1,68,"active"
"41",2548,"Bewerbermanagement","http://umantis-labs.bm.ideascale.com",16,890,17,18,174,972,847,15639,14955,684,685,"de","2008-12-15 06:54:39-08:00","2015-02-26 10:43:57-08:00",2264,6,1440,"active progress complete recyclebin review offtopic"
"42",9747,"Beyond WebCT Requirements","http://beyondwebct.ideascale.com",3,23,0,0,0,49,27,147,138,9,7,"en","2010-07-22 10:54:38-07:00","2010-12-09 12:42:46-08:00",140,1,6,"active"
"43",2521,"Birkbeck library e-services","http://e-services_lib-bbk.ideascale.com",2,61,0,0,0,11,11,27,24,1,157,"en","2008-12-08 05:03:39-08:00","2009-06-09 04:26:04-07:00",182,1,24,"active"
"44",10241,"BizActions Brain-Trust","http://bizactions.ideascale.com",9,28,1,0,2,23,20,94,74,20,19,"en","2010-08-30 07:47:43-07:00","2011-04-19 12:37:42-07:00",232,1,15,"active complete review"
"45",3700,"Blue Carpet","http://bluecarpet.ideascale.com",2,124,10,0,84,13,7,66,63,3,7,"de","2009-04-15 00:00:00-07:00","2011-10-10 03:23:33-07:00",908,1,31,"active complete review recyclebin"
"46",17306,"Blue Link Elite Wishlist/Feedback","http://bluelink.ideascale.com",3,209,40,19,34,37,32,514,510,4,249,"en","2011-12-19 06:34:19-08:00","2015-01-21 13:20:37-08:00",1129,2,453,"active review complete recyclebin progress"
"47",11467,"Boronia Park School Association Wish List","http://boroniaparkswishlist.ideascale.com",10,39,0,0,2,11,9,55,51,4,8,"en","2010-11-17 15:29:14-08:00","2011-03-01 16:44:54-08:00",104,1,0,"active complete recyclebin"
"48",33182,"Braude KM","http://braudekm.ideascale.com",4,54,0,0,0,31,28,155,122,33,22,"iw","2014-12-27 22:47:33-08:00","2015-01-04 10:53:40-08:00",7,1,12,"active"
"49",19917,"Buddyforums","http://kanecorp.ideascale.com",2,22,0,0,0,21,21,53,42,11,9,"en","2012-07-15 08:13:47-07:00","2013-02-20 10:18:12-08:00",220,1,25,"active"
"50",30941,"Building a Sporting Culture_2.1","http://sportingindia.ideascale.com",4,106,21,8,5,51,18,152,137,15,85,"en","2014-08-13 10:40:59-07:00","2015-03-04 14:27:42-08:00",203,1,102,"active offtopic progress review complete recyclebin"
"51",10782,"Building an Information Technology Vision","http://ivcctechnology.ideascale.com",7,22,0,0,0,27,24,68,61,7,10,"en","2010-10-04 13:16:46-07:00","2010-11-23 09:42:32-08:00",49,1,1,"active"
"52",31516,"Building digital capability","http://digitalcapability.ideascale.com",4,26,0,0,0,133,116,475,408,67,65,"en","2014-09-14 13:25:16-07:00","2014-10-14 08:46:08-07:00",29,1,85,"active"
"53",33287,"braudekm1","http://braudekm1.ideascale.com",2,57,0,0,0,25,22,359,289,70,210,"iw","2015-01-03 03:16:59-08:00","2015-01-17 04:03:49-08:00",14,1,83,"active"
"54",16027,"CEP 416 Tech Idea Zone","http://cep416.ideascale.com",1,85,0,0,0,131,130,188,180,8,146,"en","2012-05-23 12:26:19-07:00","2012-06-21 02:10:19-07:00",28,1,28,"active"
"55",4631,"CPD Sustainable Economy Ideas Index","http://sustainableeconomy.ideascale.com",10,29,0,0,0,16,10,8,7,1,10,"en","2009-07-02 00:50:51-07:00","2014-03-31 02:02:30-07:00",1733,1,23,"active"
"56",13228,"Caixa de idéias - Canto Geek","http://cantogeek.ideascale.com",5,85,0,0,5,180,144,484,337,147,41,"pt","2011-03-19 15:09:44-07:00","2014-08-22 08:08:14-07:00",1251,1,155,"active recyclebin complete"
"57",17473,"CambiAnzio","http://cambianzio.ideascale.com",10,51,0,0,0,60,46,147,141,6,56,"it","2012-01-06 02:22:33-08:00","2013-02-16 12:43:07-08:00",407,1,12,"active"
"58",27554,"Capitol Code","http://capitolcode.ideascale.com",5,22,0,0,0,54,39,105,100,5,42,"en","2014-01-16 13:44:24-08:00","2014-04-15 21:58:15-07:00",89,0,24,"active"
"59",11338,"Carroll County Times Ideas","http://ideas.carrollcountytimes.ideascale.com",6,29,0,0,0,56,30,23,21,2,5,"en","2010-11-09 10:00:17-08:00","2014-02-07 10:51:37-08:00",1186,1,37,"active"
"60",29324,"Catalyst","http://catalyst.energy.gov",2,212,0,0,0,NA,690,1312,1312,0,179,"en","2014-05-20 11:40:06-07:00","2014-11-09 18:42:19-08:00",173,1,718,"recyclebin active"
"61",13401,"Change Jamaica","http://changejamaica.ideascale.com",14,43,0,0,0,99,66,189,173,16,66,"en","2011-03-30 17:04:12-07:00","2013-04-20 15:22:27-07:00",751,1,83,"active"
"62",19081,"Cheshire ICT and Wirral Health Informatics Ideas Community","http://cictwhis.ideascale.com",3,171,0,0,0,98,73,1652,383,1269,429,"en","2012-05-03 07:58:18-07:00","2012-08-07 08:37:47-07:00",96,1,26,"active offtopic recyclebin"
"63",9831,"Citizen Request","http://publicworksagency.ideascale.com",45,40,0,0,0,54,12,19,17,2,6,"en","2010-08-27 10:55:14-07:00","2012-04-23 23:36:58-07:00",605,1,23,"active"
"64",26383,"CityCampMN 2013 - Propose a Session","http://citycampmn2013.ideascale.com",1,52,0,0,0,59,47,279,263,16,28,"en","2013-10-11 13:18:36-07:00","2013-11-08 17:24:37-08:00",28,1,198,"active"
"65",17952,"ClonmelSwimmingClub.com","http://clonmelswimmingclub.ideascale.com",2,114,2,31,8,88,10,415,396,19,118,"en","2012-02-04 01:45:26-08:00","2012-06-20 05:19:57-07:00",137,1,50,"active complete progress review"
"66",26865,"Co-Crear La Estrategia Sector Lacteo Colombiano","http://stakeholders.ideascale.com",5,20,0,0,0,48,28,30,28,2,20,"es","2013-12-10 08:48:32-08:00","2014-10-17 13:45:08-07:00",311,1,25,"active"
"67",26081,"Code for America Brigade Captains","http://cfacaptains.ideascale.com",1,55,0,0,0,25,19,111,109,2,12,"en","2013-10-04 12:55:17-07:00","2013-10-14 10:54:01-07:00",9,2,21,"active"
"68",28620,"Comics Canon","http://comicscanon.ideascale.com",1,121,0,0,0,21,21,670,542,128,20,"fr","2014-03-14 20:21:10-07:00","2014-03-21 04:18:05-07:00",6,1,0,"active"
"69",30152,"Commit to Lead","http://teachtolead.ideascale.com",7,569,0,0,0,2321,1315,2244,2244,0,593,"en","2014-07-28 10:28:37-07:00","2015-02-23 09:05:05-08:00",209,5,1526,"active offtopic"
"70",30274,"Commscamp14","http://commscamp14.ideascale.com",3,31,0,0,0,43,39,163,158,5,19,"en","2014-06-19 13:15:49-07:00","2014-07-04 01:55:58-07:00",14,1,73,"active"
"71",11594,"Comprehensive Plan Strategies","http://cityofpequotlakes.ideascale.com",7,46,0,0,0,15,13,95,94,1,177,"en","2010-11-29 11:48:09-08:00","2011-01-25 11:56:20-08:00",57,1,0,"active"
"72",15271,"Comunidad de Panda Cloud Antivirus","http://pandacloudav.ideascale.com",4,46,0,0,1,38,21,63,54,9,25,"es","2011-08-01 04:14:11-07:00","2013-02-21 04:02:39-08:00",570,1,90,"active complete"
"73",16235,"Comunidad de cocreadores del libro Redes Sociales en la Empresa","http://librorrsse.ideascale.com",5,31,0,0,0,13,8,62,61,1,20,"es","2012-02-15 08:48:41-08:00","2012-04-16 02:18:07-07:00",60,1,34,"active"
"74",8097,"Concord Hospital - HIMS Ideas","http://concordhospital-hims.ideascale.com",4,30,2,0,3,81,40,134,128,6,57,"en","2010-03-17 07:55:48-07:00","2010-04-10 14:45:54-07:00",24,1,1,"complete review active recyclebin"
"75",24662,"Conferencia Agile Spain 2013","http://cas2k13.ideascale.com",3,125,0,0,0,407,359,1539,1472,67,228,"es","2013-06-28 06:31:56-07:00","2013-07-18 01:18:56-07:00",19,1,173,"active recyclebin"
"76",14733,"Connect@KT","http://kampungtemasek.ideascale.com",4,23,0,0,0,19,11,34,33,1,72,"en","2011-07-09 23:19:18-07:00","2012-01-15 23:58:23-08:00",190,1,54,"active"
"77",9726,"Connected Solutions","http://elecs.ideascale.com",4,23,0,0,3,9,9,39,36,3,21,"en","2010-07-22 07:00:06-07:00","2011-05-09 11:11:27-07:00",291,1,15,"active complete"
"78",15637,"Continuous Process Improvement Brainstorm","http://navy.ideascale.com",1,73,0,0,0,122,103,295,273,22,57,"en","2011-08-25 13:29:16-07:00","2015-01-28 07:35:08-08:00",1251,1,24,"active"
"79",16802,"Creating great development team space ","http://rgofficespace.ideascale.com",1,30,0,0,0,28,26,155,135,20,41,"en","2011-11-14 04:25:55-08:00","2011-11-15 05:09:33-08:00",1,1,11,"active"
"80",5340,"Crowdsourcing Theology","http://crowdsourcingmission.ideascale.com",4,68,0,0,0,91,55,171,170,1,22,"en","2013-07-31 08:03:44-07:00","2015-01-15 14:39:27-08:00",533,1,61,"active"
"81",32832,"Culture Mauricie & Culture Centre-du-Québec","http://culturemauricie.ideascale.com",5,45,0,44,0,9,8,32,32,0,5,"fr","2014-12-12 06:40:07-08:00","2015-02-24 18:48:56-08:00",74,1,0,"progress active"
"82",4209,"Customer Care Suggestion Box","http://sunflowerbroadband.ideascale.com",6,85,19,5,48,71,46,677,632,45,193,"en","2009-05-29 10:51:21-07:00","2010-03-29 11:23:25-07:00",304,2,23,"review progress complete active"
"83",16172,"centosassi","http://centosassi.ideascale.com",3,42,0,0,0,63,48,102,101,1,16,"it","2011-10-01 01:08:30-07:00","2011-12-13 11:23:35-08:00",73,1,43,"active"
"84",15065,"DC-3 Dreams Astronomy Software","http://dc3.ideascale.com",4,89,4,2,22,57,53,391,364,27,167,"en","2011-07-28 08:41:53-07:00","2013-06-23 15:10:46-07:00",696,1,62,"active recyclebin complete progress review"
"85",15889,"DanDomain WebShop","http://dandomain.ideascale.com",13,743,8,2,58,515,455,5134,5018,116,1441,"da","2011-10-05 03:00:54-07:00","2015-03-05 01:03:29-08:00",1246,2,1316,"active complete recyclebin review progress"
"86",33227,"Deadburg","http://deadburg.ideascale.com",1,131,0,0,0,124,94,1520,1127,393,74,"en","2014-12-31 00:11:23-08:00","2015-03-06 12:29:59-08:00",65,1,220,"active recyclebin"
"87",17786,"Decoro Urbano","http://decorourbano.ideascale.com",4,80,0,0,0,243,199,1361,1299,62,68,"it","2012-01-24 04:33:54-08:00","2014-09-03 12:29:35-07:00",953,1,138,"active offtopic"
"88",22293,"Dialogue on Nanotechnology in Cancer","http://nanocancer.ideascale.com",1,31,0,0,0,117,64,149,129,20,39,"en","2013-02-27 11:35:11-08:00","2013-05-23 11:30:08-07:00",84,1,48,"active recyclebin"
"89",8686,"Digital forretningsudvikling på Videncentret for landbrug","http://videncentret.ideascale.com",5,27,0,1,0,18,8,30,28,2,12,"da","2011-05-04 06:27:57-07:00","2014-04-25 05:15:31-07:00",1086,1,78,"active progress"
"90",20845,"Dimagi","http://dimagi.ideascale.com",6,245,0,0,0,24,15,851,709,142,225,"en","2012-10-04 07:53:26-07:00","2013-04-07 23:13:35-07:00",185,1,74,"active"
"91",16827,"Disaster Apps for iOS","http://ios-disasterapps.ideascale.com",10,49,0,0,0,95,54,147,140,7,7,"en","2011-11-15 09:04:51-08:00","2014-04-02 14:58:44-07:00",869,1,201,"active"
"92",9426,"Discuss the Manual of Patent Examination Procedures (MPEP)","http://uspto-mpep.ideascale.com",441,11147,442,0,0,228,113,20740,13131,7609,26330,"en","2011-01-04 12:44:11-08:00","2015-02-18 09:00:45-08:00",1505,4,12537,"review active recyclebin offtopic"
"93",27965,"Disseny i Gestió de la innovació","http://disges.ideascale.com",3,133,0,0,0,68,63,885,830,55,178,"ca","2014-02-19 09:30:30-08:00","2014-03-22 05:28:28-07:00",30,1,80,"active offtopic"
"94",17634,"Donman Product Ideas","http://donman.ideascale.com",3,27,0,0,1,28,20,72,68,4,11,"en","2012-01-16 15:24:24-08:00","2012-04-11 03:04:14-07:00",85,1,14,"active complete"
"95",14366,"DuPage Shared GIS Services","http://dupagesharedgis.ideascale.com",5,20,0,0,0,16,13,163,147,16,24,"en","2011-07-01 08:04:45-07:00","2011-07-11 07:01:59-07:00",9,1,2,"active"
"96",20930,"Dubbers","http://dub.ideascale.com",2,22,0,0,0,9,6,14,14,0,12,"en","2012-10-10 04:07:31-07:00","2013-04-07 23:16:04-07:00",179,1,17,"active offtopic"
"97",22244,"Dwarfins Suggestions","http://dwarfins.ideascale.com",1,228,0,5,69,281,239,1995,1610,385,440,"en","2013-01-18 19:53:34-08:00","2015-02-20 16:45:46-08:00",762,2,435,"progress active complete recyclebin offtopic"
"98",26233,"data.gov.au","http://datagovau.ideascale.com",2,126,19,0,19,430,337,830,823,7,259,"en","2013-11-10 20:40:38-08:00","2015-02-27 13:42:48-08:00",473,2,383,"active complete review recyclebin offtopic"
"99",34792,"detegig-sandbox","http://detegig-sandbox.ideascale.com",7,29,0,0,0,6,5,50,41,9,36,"en","2014-08-26 05:53:45-07:00","2015-03-03 23:36:16-08:00",189,1,42,"active"
"100",13252,"E-Verify (old community)","http://old-everifycommunity.ideascale.com",6,76,0,0,0,293,155,1129,1027,102,161,"en","2012-07-24 06:26:09-07:00","2013-12-03 09:38:23-08:00",497,0,66,"active offtopic"
"101",23340,"E-Verify Listens","http://e-verifylistens.ideascale.com",7,177,0,0,13,552,288,2445,2097,348,392,"en","2012-07-24 06:26:09-07:00","2015-02-05 10:37:04-08:00",926,1,150,"active recyclebin complete offtopic"
"102",20382,"EL 646 Action Plans","http://el646actionplan.ideascale.com",5,55,0,0,0,64,55,96,94,2,169,"en","2012-08-27 19:45:02-07:00","2014-09-09 14:32:48-07:00",742,1,35,"active"
"103",33848,"ESOP - Portugal Open Source 2020","http://esop.ideascale.com",11,27,0,0,0,76,49,212,171,41,16,"pt","2015-02-26 09:52:23-08:00","2015-03-09 15:28:16-07:00",11,1,66,"active"
"104",27145,"ETCH 2020","http://etch.ideascale.com",10,61,0,0,0,76,52,314,314,0,342,"en","2014-01-30 08:26:04-08:00","2014-02-20 15:56:57-08:00",21,1,2329,"active"
"105",20247,"EV supporters","http://electricvehicles.ideascale.com",3,22,0,0,0,118,58,217,180,37,99,"en","2012-08-15 21:31:47-07:00","2013-12-24 16:55:22-08:00",495,1,20,"active"
"106",18922,"EVE: How can we help?","http://howcanwehelp.ideascale.com",1,31,0,0,0,63,57,226,165,61,62,"en","2012-04-19 15:59:29-07:00","2012-07-10 22:19:33-07:00",82,1,57,"active"
"107",27440,"Eastwood Civic Association Retreat","http://eca-2014.ideascale.com",3,20,0,0,0,29,25,129,125,4,20,"en","2013-12-21 11:28:11-08:00","2014-01-17 06:26:07-08:00",26,1,13,"active"
"108",3888,"Educação Web 2","http://w2e.ideascale.com",21,79,0,0,0,33,21,115,92,23,26,"pt","2009-05-08 00:00:00-07:00","2009-08-13 18:04:00-07:00",97,1,36,"active"
"109",4318,"Educação e a Web 2.0 - PPGI","http://w2eppgi.ideascale.com",21,122,0,1,0,239,44,380,325,47,70,"pt","2009-06-08 01:42:53-07:00","2012-12-18 01:46:31-08:00",1289,5,87,"active progress"
"110",2582,"Ehemaligenmanagement","http://umantis-labs.em.ideascale.com",18,83,0,0,20,21,18,448,418,30,18,"de","2008-12-19 02:53:58-08:00","2010-10-14 05:31:20-07:00",664,2,61,"complete active"
"111",11360,"Electric Miles","http://nuthatch.ideascale.com",2,171,0,0,18,1342,461,660,625,35,97,"en","2010-11-10 10:20:18-08:00","2013-08-15 14:47:11-07:00",1009,1,20,"active recyclebin complete offtopic"
"112",12860,"EnglishMediaNet Ideas","http://englishmedianet.ideascale.com",3,29,0,3,1,86,56,153,132,21,33,"es","2011-02-25 21:49:16-08:00","2012-06-28 09:42:49-07:00",488,1,46,"active recyclebin progress offtopic complete"
"113",9343,"Entando - Ideas","http://japsplatform.ideascale.com",4,28,1,3,0,18,17,56,55,1,11,"en","2010-06-25 08:54:44-07:00","2012-01-16 03:38:33-08:00",569,1,42,"active recyclebin progress review"
"114",6680,"Enterprise Java Australia ","http://enterprisejava.ideascale.com",2,25,0,0,0,71,43,213,182,31,0,"en","2009-12-14 02:16:05-08:00","2010-03-14 20:25:05-07:00",90,0,7,"active"
"115",17651,"Essential Skills Expert Review Panel","http://essentialskills.ideascale.com",2,63,0,0,0,22,11,165,117,48,396,"en","2012-02-14 15:26:11-08:00","2012-03-13 10:18:03-07:00",27,0,66,"active"
"116",34029,"EventCompass","http://eventcompass.ideascale.com",1,35,0,1,0,318,34,356,324,32,89,"en","2015-01-28 08:53:46-08:00","2015-03-07 12:08:59-08:00",38,1,45,"active progress"
"117",27034,"Extended Learning","http://extendedlearning.ideascale.com",1,62,0,0,0,18,15,55,46,9,16,"en","2013-11-27 10:15:06-08:00","2013-12-13 12:47:26-08:00",16,1,0,"active"
"118",26226,"eCitizen Ideas!","http://ideas.ecitizen.gov.sg",14,799,0,0,1,NA,2327,5530,5530,0,111,"en","2014-04-16 00:39:08-07:00","2015-03-05 18:03:25-08:00",323,1,0,"active recyclebin offtopic complete"
"119",31593,"eCommerce Modernization ","http://uspto-emod.ideascale.com",5,60,0,0,0,NA,130,941,878,63,192,"en","2014-09-23 09:00:52-07:00","2015-03-09 18:08:26-07:00",167,3,75,"active offtopic"
"120",7758,"ePlan Services Ideas","http://trevorsterritt.ideascale.com",4,38,0,0,0,17,12,143,142,1,19,"en","2014-09-18 09:17:23-07:00","2014-09-30 12:25:26-07:00",12,1,7,"active"
"121",22829,"endrik","http://quickoffice.ideascale.com",3,31,0,0,0,81,31,81,74,7,19,"id","2013-03-02 08:43:25-08:00","2015-02-19 19:43:49-08:00",719,1,49,"active"
"122",2577,"epbm10 Ideas","http://epbm10.ideascale.com",3,24,0,0,0,11,6,22,17,5,8,"en","2008-12-14 07:11:10-08:00","2009-06-15 10:48:32-07:00",183,1,0,"active"
"123",30173,"F1 Enhancement Pipeline","http://f1ep.ideascale.com",1,80,0,1,0,17,14,142,140,2,46,"en","2014-06-19 08:04:37-07:00","2015-02-27 07:29:01-08:00",253,1,171,"active progress recyclebin"
"124",16446,"FBLA-PBL Innovation Center","http://ideas.fbla-pbl.org",6,73,9,3,10,166,97,781,632,149,199,"en","2011-11-02 06:48:21-07:00","2015-02-16 14:54:52-08:00",1202,2,135,"active complete review offtopic recyclebin progress"
"125",17614,"FLOSS BiH","http://floss-bih.ideascale.com",2,38,0,3,0,12,11,46,44,2,19,"en","2012-01-13 06:14:36-08:00","2013-04-07 23:33:20-07:00",450,1,45,"active progress"
"126",24238,"Fairfax County Department of Transportation","http://fairfaxcountydot.ideascale.com",3,24,0,0,0,82,72,295,269,26,41,"en","2013-06-18 08:45:05-07:00","2013-11-01 13:00:02-07:00",136,1,50,"active"
"127",30206,"Fairfax County Park Needs Assessment","http://fcpa.ideascale.com",3,56,0,0,22,650,537,1289,1014,275,274,"en","2014-09-04 13:53:01-07:00","2015-02-28 13:29:34-08:00",177,1,70,"active complete"
"128",17839,"Farset Labs Idea Board","http://farsetlabs.ideascale.com",6,36,2,0,9,22,19,117,113,4,49,"en","2012-01-28 11:55:18-08:00","2013-04-07 23:32:41-07:00",435,2,80,"active complete recyclebin offtopic review"
"129",14692,"Federal Emergency Management Agency (FEMA)","http://fema.ideascale.com",81,3624,0,0,0,4333,2556,35853,25511,10342,12323,"en","2011-08-27 19:29:06-07:00","2015-03-07 13:47:16-08:00",1287,1,5034,"offtopic active"
"130",4230,"Feedback on Making Speeches Talk","http://commentneelie.ideascale.com",2,21,0,0,2,261,16,8,8,0,5,"en","2011-10-13 13:07:29-07:00","2014-02-07 03:02:34-08:00",847,1,12,"active complete"
"131",26782,"FikrimVar","http://fikrimvar.ideascale.com",5,77,16,0,0,491,42,478,425,53,109,"tr","2014-03-20 11:54:04-07:00","2014-11-05 13:58:11-08:00",230,1,161,"active review"
"132",9733,"FillLPG Ideas","http://filllpg.ideascale.com",1,92,5,0,22,186,102,203,190,13,230,"en","2010-07-21 13:58:35-07:00","2015-02-14 14:30:15-08:00",1669,1,48,"active recyclebin complete review"
"133",33004,"Flashband","http://flashband.ideascale.com",1,72,0,0,0,80,73,768,483,285,29,"en","2014-12-18 11:52:41-08:00","2015-02-20 12:51:03-08:00",64,1,30,"active"
"134",18527,"Focus on Enforcement","http://bisgov.ideascale.com",1,20,0,0,0,75,38,33,26,7,6,"en","2012-03-23 04:54:06-07:00","2013-11-24 02:37:03-08:00",610,0,23,"active"
"135",17066,"Freebox Recorder Feedback","http://freeboxrecorder.ideascale.com",2,24,0,1,3,37,35,162,117,45,59,"fr","2011-12-01 02:20:42-08:00","2014-01-22 05:08:23-08:00",783,1,35,"active complete recyclebin progress"
"136",18700,"FrenchSUG","http://frenchsug.ideascale.com",9,322,15,0,30,256,222,1241,1131,110,54,"fr","2012-03-30 11:06:07-07:00","2014-03-24 03:02:36-07:00",723,1,230,"active review complete recyclebin offtopic"
"137",12881,"Fully Automated Nagios Ideas","http://fan.ideascale.com",1,46,0,0,4,117,94,285,260,25,58,"en","2011-02-28 01:42:33-08:00","2014-07-31 03:56:01-07:00",1249,1,40,"active complete recyclebin"
"138",7267,"Funadvice New Features","http://funadvice.ideascale.com",1,51,0,0,0,99,54,389,276,113,82,"en","2010-02-03 12:44:17-08:00","2010-05-12 17:30:53-07:00",98,1,11,"active"
"139",27373,"FutureEnterprise","http://futureenterprise.ideascale.com",2,103,0,0,0,28,22,380,349,31,105,"en","2014-02-11 11:57:37-08:00","2014-07-04 02:15:37-07:00",142,1,243,"active"
"140",17584,"fosm.org","http://fosm.ideascale.com",3,49,0,0,0,26,24,104,85,19,55,"en","2012-01-11 15:32:44-08:00","2013-04-07 23:33:04-07:00",452,1,58,"active"
"141",4178,"GFI Ideas","http://ideas.gfi.com",17,4477,181,90,595,7525,5184,50127,49354,773,5993,"en","2009-05-28 08:18:54-07:00","2015-03-07 16:06:56-08:00",2109,7,8240,"progress active complete offtopic recyclebin review"
"142",29274,"GIVE Green Italia Verdi Europei","http://flaviamarzanoeu2014.ideascale.com",3,21,0,0,0,43,34,197,197,0,22,"it","2014-04-23 21:11:09-07:00","2014-05-16 12:07:23-07:00",22,1,84,"active"
"143",30714,"GPT Operational Leadership Team","http://cengage.ideascale.com",4,136,0,0,0,36,22,223,223,0,46,"en","2014-07-16 15:24:46-07:00","2015-01-23 09:55:04-08:00",190,0,105,"active"
"144",12022,"Gateway Community College ","http://gatewaycommunitycollege.ideascale.com",3,78,0,0,0,9,8,197,183,14,35,"en","2011-01-04 19:54:32-08:00","2011-02-15 13:09:55-08:00",41,1,127,"active"
"145",16422,"GeoVation Challenge","http://challenge.geovation.org.uk",5,426,25,74,17,NA,1492,2669,2402,267,906,"en","2012-02-10 04:23:10-08:00","2014-11-19 03:59:57-08:00",1012,2,1739,"review active progress complete"
"146",28344,"Glitch Hunters","http://glitch.ideascale.com",1,47,41,0,0,117,109,709,459,250,20,"en","2014-02-21 18:00:20-08:00","2014-07-26 22:51:50-07:00",155,2,95,"active review"
"147",10007,"Global Youth Participation Week Online Consultation","http://gypw.ideascale.com",3,59,0,0,0,81,39,250,242,8,41,"en","2010-08-17 08:24:47-07:00","2012-03-02 23:24:59-08:00",563,1,69,"active recyclebin"
"148",22679,"Good Ideas","http://www.goodideas.org",15,893,0,0,0,35,16,730,730,0,46,"en","2013-02-20 19:13:04-08:00","2015-01-25 14:01:00-08:00",703,1,2622,"active"
"149",22130,"Good University Software","http://uni-software.ideascale.com",1,56,0,0,0,43,39,256,168,88,20,"en","2013-01-09 05:18:36-08:00","2013-03-12 12:36:18-07:00",62,1,47,"active"
"150",5883,"Google Analytics - ideas & new features","http://google-analytics.ideascale.com",1,34,0,0,2,105,58,81,78,3,13,"en","2009-10-09 05:21:14-07:00","2011-12-03 05:59:14-08:00",785,1,78,"active complete"
"151",15656,"Grand Challenges","http://grandchallenges.ideascale.com",3,79,0,0,0,299,220,578,516,62,226,"en","2011-09-15 19:08:52-07:00","2012-02-22 22:58:23-08:00",160,1,306,"active"
"152",16995,"Great Gamification Challenge","http://gamificationchallenge.ideascale.com",1,28,0,0,0,40,29,137,121,16,12,"en","2011-11-25 10:56:59-08:00","2011-12-04 14:58:07-08:00",9,1,58,"active"
"153",23679,"Greater Center City Progressive Organizing Group","http://progressivevaluesinphilly.ideascale.com",2,76,0,0,0,15,10,182,115,67,148,"en","2013-05-09 12:56:09-07:00","2013-05-29 09:56:36-07:00",19,1,96,"active"
"154",5165,"Grupo Estado Ideas","http://grupoestado.ideascale.com",7,25,0,0,0,17,5,22,19,3,8,"pt","2009-08-17 11:31:08-07:00","2009-09-23 07:02:18-07:00",36,1,18,"active"
"155",708,"globoGO","http://globogo.ideascale.com",3,84,0,0,0,94,27,134,66,26,5,"es","2008-07-28 00:00:00-07:00","2008-08-05 00:00:00-07:00",8,1,0,"active"
"156",26845,"grubunerdenkuruyoz","http://grubunerdenkuruyoz.ideascale.com",3,36,0,0,0,8,8,66,55,11,10,"en","2013-11-14 05:30:27-08:00","2013-11-14 06:23:41-08:00",0,1,0,"active"
"157",32251,"HIP HOP News","http://hiphopnwz.ideascale.com",4,84,0,0,0,13,9,139,137,2,137,"en","2014-11-04 01:23:20-08:00","2015-03-05 21:06:44-08:00",121,2,78,"stage-active stage-reviwer stage-estimator568 recyclebin stage-refiner stage-payment"
"158",15133,"HR CIP","http://hrcip.ideascale.com",5,52,3,6,2,19,13,145,135,10,61,"en","2011-10-11 20:31:22-07:00","2013-04-07 23:40:43-07:00",544,1,4,"active review progress complete"
"159",20288,"HSL Matkustajainformaatio","http://hsl.ideascale.com",7,95,25,5,7,17,12,60,59,1,61,"fi","2012-08-20 05:38:43-07:00","2014-12-30 03:01:23-08:00",861,2,182,"active complete review progress recyclebin"
"160",27289,"Hack4Med Montenegro","http://hack4medmne.ideascale.com",1,52,0,0,0,204,184,1222,689,533,13,"bs","2014-03-04 04:03:53-08:00","2014-04-29 06:17:24-07:00",56,0,131,"active"
"161",27317,"Hack4Med Veneto","http://hack4medveneto.ideascale.com",4,22,0,0,0,26,22,63,58,5,22,"it","2013-12-13 09:41:50-08:00","2014-04-17 01:57:35-07:00",124,1,74,"active recyclebin"
"162",33759,"Halifax Shambhala Centre","http://shambhala-halifax.ideascale.com",5,30,0,0,0,67,52,243,180,63,59,"en","2015-01-20 12:50:17-08:00","2015-03-04 11:35:46-08:00",42,2,20,"active"
"163",20627,"Haustrof 2013","http://haustrof.ideascale.com",2,87,0,0,0,261,238,1979,1635,344,55,"is","2012-09-18 10:15:38-07:00","2013-10-03 07:35:45-07:00",379,0,167,"active"
"164",9092,"Help Smart Db Ideas","http://helpsmartdb.ideascale.com",7,61,4,6,16,9,7,66,66,0,19,"en","2010-06-02 12:55:31-07:00","2013-08-21 16:24:44-07:00",1176,1,0,"active progress complete recyclebin review"
"165",11516,"HoCoInnovations","http://hocoinnovations.ideascale.com",3,42,0,2,2,51,39,225,199,26,61,"en","2010-11-22 19:17:09-08:00","2012-12-29 07:04:16-08:00",767,1,149,"active recyclebin complete progress"
"166",14387,"Homefront","http://homefront.ideascale.com",3,60,0,0,0,84,78,986,731,255,88,"en","2011-06-03 14:24:25-07:00","2013-04-09 03:44:44-07:00",675,1,168,"active offtopic"
"167",10461,"Housing","http://peethouse.ideascale.com",8,30,0,0,0,6,5,93,81,12,27,"en","2010-09-11 07:21:10-07:00","2010-10-16 06:10:15-07:00",34,1,0,"active offtopic"
"168",7001,"How to Change Detroit","http://charlespugh.ideascale.com",9,28,0,0,0,150,44,93,66,27,14,"en","2010-02-24 09:42:21-08:00","2013-11-21 12:01:43-08:00",1366,0,12,"active"
"169",16409,"Hugmyndasamkeppni HR 2013","http://ru.ideascale.com",3,112,0,0,0,324,256,1592,1491,101,287,"en","2011-10-20 07:27:51-07:00","2013-11-27 00:25:06-08:00",768,1,322,"active"
"170",26387,"ICANN Strategy Panel: Multistakeholder Innovation","http://thegovlab.ideascale.com",5,20,0,0,0,88,32,60,56,4,46,"en","2013-11-07 13:32:34-08:00","2014-01-03 15:41:06-08:00",57,1,81,"active"
"171",4372,"ICE Conference Ideas","http://iceconference.ideascale.com",3,48,0,0,0,12,10,46,46,0,26,"en","2009-06-22 23:26:53-07:00","2009-06-23 02:20:51-07:00",0,1,17,"active"
"172",11420,"ICSM Year 1 Ideas","http://icsmyear1.ideascale.com",2,33,0,0,0,144,126,760,570,190,30,"en","2010-11-15 01:19:34-08:00","2012-01-23 05:52:33-08:00",434,0,19,"active"
"173",13419,"IDEA Wellness Program","http://ideawellnessprogram.ideascale.com",5,57,0,0,0,34,27,302,302,0,8,"en","2011-03-31 13:57:45-07:00","2011-04-11 11:08:36-07:00",10,1,13,"active"
"174",12279,"INF385T/ CS395T: Crowdsourcing: Theory, Methods, and Applications (Spring 2011)","http://utcrowdsourcing.ideascale.com",1,189,0,0,0,51,31,434,426,8,640,"en","2011-01-20 19:26:40-08:00","2012-10-09 11:08:07-07:00",627,1,137,"active recyclebin offtopic"
"175",25467,"INFS2010 Gadgets","http://infs2010gadgets.ideascale.com",3,49,0,0,0,60,51,755,658,97,179,"en","2013-08-13 20:04:03-07:00","2013-10-08 05:24:54-07:00",55,1,139,"active"
"176",28900,"IT @ Johns Hopkins","http://itatjh.ideascale.com",1,80,0,0,0,23,18,109,107,2,51,"en","2014-03-31 11:25:34-07:00","2014-04-09 07:08:03-07:00",8,1,134,"active"
"177",2993,"IWMW2009 Ideas","http://iwmw2009.ideascale.com",3,34,0,0,0,30,16,349,102,53,39,"en","2009-02-11 08:22:54-08:00","2009-04-27 02:42:05-07:00",74,1,47,"active"
"178",14631,"IXMBA2011","http://ixmba.ideascale.com",3,71,0,0,0,33,22,184,184,0,12,"en","2011-07-06 01:55:43-07:00","2011-07-06 09:07:01-07:00",0,1,1,"active"
"179",612,"Idea Exchange","http://gotideas.ideascale.com",6,35,0,0,0,25,11,58,20,8,17,"en","2008-05-14 00:00:00-07:00","2008-07-28 00:00:00-07:00",75,2,16,"active"
"180",4287,"Idea Management Tool","http://xybersolutions.ideascale.com",15,279,4,0,1,63,33,315,315,0,92,"en","2009-06-04 03:40:15-07:00","2011-09-20 19:39:17-07:00",838,2,872,"active review complete recyclebin"
"181",30957,"IdeaScale Enterprise","http://isent.ideascale.com",11,76,0,1,1,44,15,392,344,48,63,"en","2014-07-30 10:54:22-07:00","2014-10-08 15:43:32-07:00",70,2,53,"active progress complete"
"182",3339,"IdeaScale Feedback","http://ideas.ideascale.com",11,1018,0,0,0,1673,533,2928,2715,212,760,"id","2009-05-29 10:20:39-07:00","2015-03-10 14:21:56-07:00",2111,13,1549,"offtopic recyclebin stage-complete stage-vote stage-ideascalesupersquad stage-refine"
"183",22673,"Ideario #umbriadigitale","http://umbriadigitale.ideascale.com",4,143,0,0,0,556,449,1815,1777,38,154,"it","2013-02-20 05:19:59-08:00","2013-10-24 09:43:39-07:00",246,1,523,"active"
"184",18813,"Ideario Formez PA","http://formez.ideascale.com",10,74,0,0,0,35,12,86,84,2,40,"it","2012-04-11 02:26:53-07:00","2013-06-06 07:00:44-07:00",421,1,4,"active"
"185",18974,"Ideario per Partinico","http://partinico2013.ideascale.com",5,28,0,0,0,55,42,302,300,2,13,"it","2013-03-08 01:21:30-08:00","2013-09-08 04:14:31-07:00",184,1,25,"active"
"186",30237,"Ideas for Student Success","http://ccc.ideascale.com",4,207,0,0,0,456,351,3022,2756,266,457,"en","2014-08-19 14:53:40-07:00","2014-12-03 09:27:01-08:00",105,0,408,"recyclebin active"
"187",12676,"Ideas page","http://ideas.myobatlas.com",3,306,6,4,39,846,721,4027,3973,54,671,"en","2011-03-02 01:32:08-08:00","2014-04-25 10:33:28-07:00",1150,1,383,"active recyclebin offtopic complete progress review"
"188",20575,"Idee e visioni oltre l'Agenda Digitale","http://statigeneralinnovazione.ideascale.com",5,26,0,0,0,34,30,60,57,3,14,"it","2012-09-13 11:27:58-07:00","2012-09-24 03:19:56-07:00",10,0,63,"active"
"189",12933,"Idee per Sennori 5 stelle","http://sennori5stelle.ideascale.com",6,38,0,0,0,57,33,55,55,0,41,"it","2011-03-02 12:44:28-08:00","2012-07-11 23:19:00-07:00",497,1,13,"active"
"190",24701,"Idee per il Misericordia e Dolce di Prato","http://misericordiaedolce.ideascale.com",2,34,0,0,0,125,88,287,132,155,29,"it","2013-07-02 00:58:01-07:00","2013-08-21 08:58:02-07:00",50,0,23,"active"
"191",26362,"Ideenportal zur eCH-Prozessplattform – www.ech-bpm.ch","http://ech-bpm1.ideascale.com",5,32,0,10,8,124,16,77,71,6,33,"de","2013-10-10 20:38:56-07:00","2014-07-24 06:48:51-07:00",286,1,14,"active complete recyclebin progress"
"192",28274,"IdrottOnline","http://idrottonline.ideascale.com",5,297,0,0,0,648,320,1326,1299,27,494,"sv","2014-04-16 05:46:13-07:00","2015-03-09 04:55:55-07:00",326,1,336,"active recyclebin"
"193",3166,"Idéias para o Busca Descontos","http://buscadescontos.ideascale.com",1,39,0,0,0,174,29,63,35,18,7,"pt","2009-02-26 05:24:43-08:00","2009-10-16 19:44:30-07:00",232,1,18,"active"
"194",19834,"Imagine Central Arkansas","http://imaginecentralarkansas.ideascale.com",2,117,0,0,0,189,149,1850,1447,403,197,"en","2012-08-10 13:48:31-07:00","2014-12-05 08:38:36-08:00",846,1,182,"active"
"195",20895,"Imagine Huntsville","http://www.imaginehuntsville.com",9,609,0,0,0,1171,616,7924,6631,1293,2131,"en","2012-11-30 09:28:03-08:00","2015-03-02 08:53:02-08:00",821,3,1242,"active offtopic recyclebin"
"196",7108,"Imonggo Ideas","http://imonggo.ideascale.com",1,167,13,3,13,231,179,709,709,0,160,"en","2010-01-25 15:39:10-08:00","2013-01-04 12:34:02-08:00",1074,1,190,"active review complete progress"
"197",9537,"Interface Feedback","http://mlibrary.ideascale.com",8,24,0,0,0,44,31,49,40,9,19,"en","2010-07-09 07:45:05-07:00","2011-03-01 06:48:28-08:00",235,1,11,"active offtopic"
"198",7641,"Invoice Insight Team Ideas","http://invoiceinsight.ideascale.com",11,20,0,0,0,79,32,91,88,3,36,"en","2010-02-24 19:12:00-08:00","2010-05-13 11:46:29-07:00",77,1,3,"active"
"199",31892,"Ironhack","http://ironhack-school.ideascale.com",8,126,0,0,0,119,111,400,386,14,206,"en","2014-10-13 09:55:59-07:00","2015-03-10 04:31:23-07:00",147,0,229,"active recyclebin"
"200",27004,"Ironhack projects","http://ironhack.ideascale.com",5,112,0,7,42,120,107,748,666,82,430,"es","2013-11-26 09:17:37-08:00","2014-11-07 06:57:31-08:00",345,2,172,"recyclebin complete active progress offtopic"
"201",18709,"IslandGovCamp #IsleGC15","http://islandgovcamp.ideascale.com",5,34,0,0,29,60,37,176,173,3,93,"en","2012-04-01 00:54:55-07:00","2015-01-29 23:35:51-08:00",1033,1,136,"complete active"
"202",27136,"iGlobe CRM for Office 365","http://iglobecrm.ideascale.com",1,35,3,7,5,8,8,48,48,0,12,"en","2013-12-04 07:16:58-08:00","2015-01-21 00:29:06-08:00",412,1,7,"active progress complete review recyclebin"
"203",8873,"iQuote Idea Wall","http://iqx.ideascale.com",5,22,0,1,0,52,14,40,40,0,18,"en","2010-05-17 12:35:17-07:00","2010-07-13 07:30:14-07:00",56,1,14,"active recyclebin progress"
"204",24888,"ideaUmbria","http://ideaumbria.ideascale.com",5,21,0,0,0,67,45,111,109,2,52,"it","2013-10-05 03:41:45-07:00","2014-09-06 12:05:36-07:00",336,1,45,"active"
"205",10317,"ideabook","http://ohionet.ideascale.com",6,28,0,0,0,10,8,34,33,1,29,"en","2010-09-02 07:13:07-07:00","2010-12-21 08:47:48-08:00",110,1,4,"active recyclebin"
"206",18948,"idee per Noviglio","http://noviglio.ideascale.com",8,25,0,1,0,16,14,107,94,13,101,"it","2012-04-23 07:32:49-07:00","2013-11-04 02:13:32-08:00",559,1,4,"active progress"
"207",18699,"idee per Palermo","http://palermo.ideascale.com",4,226,0,0,0,392,300,2625,2297,328,125,"it","2012-03-30 08:58:19-07:00","2013-04-15 02:23:04-07:00",380,1,232,"active"
"208",29176,"imgo","http://imgo.ideascale.com",3,26,0,2,4,5,2,21,21,0,22,"en","2014-04-16 03:10:54-07:00","2014-05-06 10:30:00-07:00",20,1,44,"active progress complete recyclebin"
"209",27993,"ing+","http://ingplus2014.ideascale.com",11,53,0,0,0,41,36,330,326,4,93,"it","2014-01-30 13:36:41-08:00","2014-02-16 18:08:19-08:00",17,1,127,"active"
"210",784,"JISC Repositories","http://jiscrepository.ideascale.com",6,42,0,0,0,119,88,679,509,170,123,"en","2008-06-20 00:00:00-07:00","2011-05-24 11:15:39-07:00",1068,3,30,"active"
"211",29150,"Jisc KB+","http://kbplus.ideascale.com",1,91,0,7,0,25,21,483,444,39,36,"en","2014-04-15 03:16:45-07:00","2014-04-15 04:12:37-07:00",0,1,182,"active progress"
"212",28485,"Justice Party of Pennsylvania","http://justicepartypa.ideascale.com",5,40,0,0,0,9,9,112,105,7,61,"en","2014-03-07 03:15:35-08:00","2014-06-26 06:07:20-07:00",111,2,53,"active"
"213",29690,"Justified Anger","http://justifiedanger.ideascale.com",6,38,0,0,0,100,68,267,238,29,59,"en","2014-05-19 18:38:21-07:00","2014-12-16 23:29:51-08:00",211,0,31,"active"
"214",7217,"KMPG - Pretoria Ideas","http://kmpg-pretoria.ideascale.com",4,22,0,0,0,242,22,169,158,11,8,"en","2010-01-31 09:11:04-08:00","2010-02-02 22:28:58-08:00",2,1,13,"active"
"215",27473,"King Fahad Medical City","http://kfmc.ideascale.com",1,570,0,0,0,1059,688,8660,8013,647,2693,"en","2013-12-31 05:21:01-08:00","2014-07-09 00:52:05-07:00",189,1,338,"active"
"216",9082,"KnitMinder Ideas","http://knitminder.ideascale.com",5,37,0,0,0,317,110,340,315,25,17,"en","2010-06-02 08:50:32-07:00","2013-03-07 18:54:17-08:00",1009,1,4,"active"
"217",20274,"Krafties","http://krafties.ideascale.com",4,438,114,4,95,513,443,5544,4227,1317,407,"en","2012-08-20 11:13:10-07:00","2015-03-08 22:52:07-07:00",930,1,875,"active review recyclebin complete progress"
"218",30084,"LSTA Grant Funding of Digital Collection in Oregon","http://ordigcollections.ideascale.com",5,23,0,0,0,8,8,33,31,2,22,"en","2014-06-09 14:43:07-07:00","2014-06-18 09:07:01-07:00",8,1,12,"active"
"219",23617,"La Banca delle Idee - FIBA CISL","http://labancadelleidee.ideascale.com",5,35,0,0,0,37,19,141,126,15,49,"en","2013-05-05 06:02:02-07:00","2014-01-16 13:47:33-08:00",256,1,87,"active"
"220",15655,"League of Innovative Schools","http://digitalpromise.ideascale.com",3,74,0,0,0,215,140,302,230,72,105,"en","2011-09-15 18:57:42-07:00","2013-07-20 13:10:25-07:00",673,1,319,"active"
"221",9751,"Learning Registry","http://learningregistry.ideascale.com",6,41,0,0,0,101,56,82,71,11,60,"en","2010-07-22 14:55:42-07:00","2011-10-05 12:09:01-07:00",439,1,91,"active"
"222",16511,"LibertAria Sassari Viva","http://sassariviva.ideascale.com",9,115,2,0,2,145,104,1350,1204,146,220,"it","2011-11-18 02:38:16-08:00","2013-12-14 12:29:44-08:00",757,1,234,"active complete review"
"223",7296,"Library Open Source Idea Forum","http://libraryideaforum.ideascale.com",4,29,0,0,0,1592,224,2139,1443,696,67,"en","2010-02-04 17:09:50-08:00","2014-04-22 12:16:52-07:00",1537,1,56,"active"
"224",2530,"Lietuva","http://lietuva.ideascale.com",15,33,0,0,0,418,76,142,117,23,56,"lt","2008-12-06 05:46:21-08:00","2010-02-24 03:31:44-08:00",444,1,16,"active"
"225",28136,"LiveSplit","http://livesplit.ideascale.com",1,100,17,0,0,266,213,580,507,73,58,"en","2014-02-09 12:16:50-08:00","2015-02-20 05:07:52-08:00",375,2,150,"active recyclebin offtopic review"
"226",18385,"Living Waters Rally","http://livingwatersrally.ideascale.com",7,219,0,0,0,17,12,525,525,0,20,"en","2012-03-08 06:48:14-08:00","2012-05-03 10:57:27-07:00",56,0,482,"active"
"227",8960,"LogicMonitor  Ideas","http://logicmonitor.ideascale.com",3,42,0,5,18,15,13,56,56,0,43,"en","2010-05-24 12:32:01-07:00","2011-08-17 21:00:14-07:00",450,1,43,"active progress complete recyclebin"
"228",21231,"Lombardia #davvero - con Giulio Cavalli","http://lombardiadavvero.ideascale.com",6,39,0,0,0,75,66,321,312,9,36,"it","2012-10-30 07:59:14-07:00","2012-12-08 07:22:34-08:00",39,1,122,"active"
"229",19774,"Lucy Salinas","http://lucysalinas2012.ideascale.com",8,25,0,0,0,25,19,165,164,1,20,"es","2012-06-28 11:08:41-07:00","2012-10-12 21:16:07-07:00",106,1,0,"active"
"230",12783,"Lunatic Outpost Forum Development","http://lunaticoutpost.ideascale.com",8,20,17,0,1,8,6,21,17,4,17,"en","2011-02-21 10:44:30-08:00","2011-07-15 11:38:46-07:00",143,1,5,"active review complete"
"231",16285,"Lync/Skype4B Improvement Suggestions","http://lync.ideascale.com",5,484,0,1,26,1402,1138,5545,5290,255,1048,"en","2011-10-07 12:18:47-07:00","2015-03-09 13:05:17-07:00",1249,1,983,"active complete progress"
"232",7283,"MAS90 Top New Features By Version","http://mas90.ideascale.com",7,46,0,0,0,43,31,350,305,45,12,"en","2010-02-09 05:28:57-08:00","2012-11-01 16:59:06-07:00",996,1,11,"active"
"233",12651,"MCWS Ideas","http://mcws.ideascale.com",18,63,17,9,2,99,69,462,402,60,133,"en","2011-02-13 17:54:33-08:00","2014-09-14 02:24:59-07:00",1308,1,93,"active recyclebin review progress complete"
"234",18257,"MJBHA","http://mjbha.ideascale.com",1,44,0,0,0,11,8,88,68,20,18,"en","2012-02-27 19:56:17-08:00","2012-03-05 14:11:00-08:00",6,1,0,"active"
"235",24638,"MLA/DLA 2014 Conference","http://mladla14.ideascale.com",5,60,0,1,0,30,22,194,179,15,72,"en","2013-06-28 13:34:30-07:00","2013-12-11 06:53:20-08:00",165,1,57,"active progress recyclebin"
"236",30374,"MLADLA15","http://mladla15.ideascale.com",2,25,0,0,0,57,36,196,195,1,15,"en","2014-07-14 08:19:36-07:00","2014-08-27 05:52:11-07:00",43,1,28,"active"
"237",23884,"MLK Library Modernization","http://dclibrary.ideascale.com",12,349,0,0,0,1256,24,465,414,51,125,"en","2013-09-04 06:46:04-07:00","2013-10-11 11:30:38-07:00",37,2,668,"active"
"238",11334,"MN Transportation Research Collaboration Website","http://mndot-lrrb.ideascale.com",7,319,6,1,0,506,304,1218,1200,18,107,"en","2012-05-03 07:51:31-07:00","2015-02-20 15:11:53-08:00",1023,1,392,"active recyclebin review progress"
"239",28268,"MVP Open Day Barcelona 2014 - Call 4 Papers","http://mvpopendaybcn14.ideascale.com",3,29,0,0,0,65,63,307,286,21,9,"en","2014-02-17 14:10:41-08:00","2014-02-26 13:46:08-08:00",8,0,74,"active"
"240",4981,"MYD Mayor's Forum","http://mydmayor.ideascale.com",1,31,0,0,0,79,67,249,171,78,19,"en","2009-08-03 11:24:50-07:00","2009-08-12 18:57:31-07:00",9,0,11,"active"
"241",24866,"MaRS Youth","http://marsyouth.ideascale.com",1,79,0,0,0,49,43,189,118,71,30,"en","2013-07-12 14:32:51-07:00","2013-07-29 05:27:38-07:00",16,0,16,"active"
"242",15106,"Madden Online Wishlist","http://maddenonline.ideascale.com",5,182,0,0,0,170,123,1058,945,113,68,"en","2011-07-23 20:28:48-07:00","2015-02-27 09:44:44-08:00",1314,1,179,"active"
"243",27535,"Madeincarpi","http://madeincarpi.ideascale.com",5,39,0,0,0,66,49,360,348,12,57,"it","2014-01-01 14:47:03-08:00","2014-10-08 08:11:51-07:00",279,1,43,"active"
"244",9665,"Making Low Sec Matter","http://criminallowsec.ideascale.com",17,154,0,0,0,185,155,1684,1051,633,611,"en","2010-07-16 09:59:28-07:00","2012-06-22 06:32:53-07:00",706,1,353,"active"
"245",30176,"Malaysian AR&TTs challenge and symposium","http://arttschallenge-malaysia.ideascale.com",1,23,0,0,0,1808,668,1087,906,181,40,"en","2014-06-13 21:58:35-07:00","2014-06-21 04:01:41-07:00",7,1,23,"active"
"246",22755,"Martellago Cinque Stelle","http://martellago-m5s.ideascale.com",10,30,0,0,0,28,22,123,110,13,133,"it","2013-03-09 05:17:35-08:00","2013-04-28 12:49:53-07:00",50,0,15,"active"
"247",23225,"Maryland Staff Development","http://marylandstaffdevelopment.ideascale.com",6,176,0,0,0,31,27,1143,800,343,79,"en","2013-03-28 13:56:34-07:00","2013-09-05 06:49:36-07:00",160,1,21,"active"
"248",17983,"MasterPeace","http://masterpeace.ideascale.com",4,35,0,0,0,20,17,116,100,16,107,"en","2012-02-07 08:49:51-08:00","2013-03-28 10:10:03-07:00",415,1,38,"active"
"249",12013,"Medical Records Ideas","http://medicalrecords.ideascale.com",5,24,0,0,0,37,23,104,84,20,12,"en","2011-01-04 10:32:51-08:00","2011-09-15 06:51:38-07:00",253,1,0,"active recyclebin"
"250",21283,"Merentha Improvements","http://merentha.ideascale.com",1,37,0,1,4,39,38,237,173,64,117,"en","2012-11-02 10:55:45-07:00","2012-12-15 20:23:47-08:00",43,1,59,"active complete offtopic progress"
"251",14539,"Michigan Trans/Gender Nonconforming Empowerment Taskforce","http://mtet.ideascale.com",6,39,0,0,0,11,6,45,40,5,32,"en","2011-06-13 19:56:02-07:00","2011-07-11 22:55:34-07:00",28,1,7,"active"
"252",4275,"MicroPoll Feedback","http://micropoll.ideascale.com",3,49,0,0,0,50,39,37,22,10,11,"en","2009-07-09 12:08:14-07:00","2014-08-17 14:45:05-07:00",1865,2,16,"active recyclebin"
"253",27614,"Microsoft Community Day","http://communityday2014.ideascale.com",1,48,0,0,0,82,74,517,492,25,19,"es","2014-01-08 07:19:08-08:00","2014-01-20 13:14:37-08:00",12,1,131,"active"
"254",27207,"Microsoft Exchange Improvement Suggestions","http://exchange.ideascale.com",5,96,0,0,1,383,298,1036,971,65,181,"en","2013-12-08 16:50:24-08:00","2015-02-18 09:40:16-08:00",436,2,193,"active complete"
"255",3335,"MindShare-LookWho'sClicking","http://mindfireinc.ideascale.com",10,204,12,0,2,169,184,1832,1792,40,481,"en","2009-03-17 10:11:45-07:00","2014-05-02 08:18:55-07:00",1871,2,403,"recyclebin complete active review"
"256",23719,"Mipa","http://mastermipa.ideascale.com",3,23,0,0,0,24,21,126,124,2,16,"it","2013-05-01 14:45:22-07:00","2013-06-06 13:49:39-07:00",35,1,38,"active"
"257",2595,"Mitarbeitermanagement","http://umantis-labs.mm.ideascale.com",18,630,18,12,136,438,378,6512,6339,172,488,"de","2008-12-29 01:12:09-08:00","2015-03-10 05:56:04-07:00",2262,6,1449,"active complete review recyclebin progress offtopic"
"258",26593,"Mitgliederdatenbank","http://midata.ideascale.com",1,104,4,0,17,66,61,444,432,12,139,"en","2013-12-20 00:17:05-08:00","2015-02-07 07:58:57-08:00",414,2,94,"active recyclebin complete review offtopic"
"259",18208,"MoVimento 5 Stelle S.Giovanni Lupatoto","http://sgl5stelle.ideascale.com",6,28,0,0,0,34,25,172,156,16,35,"it","2012-02-25 08:39:35-08:00","2014-03-01 12:26:23-08:00",735,0,37,"active"
"260",17953,"MoVimento 5 Stelle Verona","http://movimento5stelle-verona.ideascale.com",9,186,0,3,5,149,121,2954,2792,162,327,"it","2012-02-03 03:13:46-08:00","2013-05-24 07:53:03-07:00",476,1,345,"active progress complete"
"261",32205,"Monter un MOOC de A à Z","http://moocaz.ideascale.com",2,142,0,0,0,356,242,1063,1001,63,250,"fr","2014-10-30 01:43:46-07:00","2015-03-10 13:37:42-07:00",131,1,163,"active"
"262",34098,"Moving Forward: VCU Community Engagement","http://vcuccefuture.ideascale.com",1,77,0,0,0,5,4,93,92,1,5,"en","2015-01-30 09:51:00-08:00","2015-02-05 13:29:00-08:00",6,1,2,"active"
"263",18903,"Much Ado About Agile VII : Fall Conference","http://agilevancouver.ideascale.com",2,101,0,23,0,123,113,669,651,18,86,"en","2012-04-18 20:11:59-07:00","2012-09-14 18:38:37-07:00",148,1,261,"active progress recyclebin"
"264",12536,"Murano People Ideas","http://muranopeople.ideascale.com",1,37,0,0,0,320,53,745,460,285,18,"en","2011-02-05 21:12:29-08:00","2011-09-24 06:51:29-07:00",230,1,7,"active"
"265",28145,"My AQHA Idea","http://aqha.ideascale.com",3,248,15,9,13,907,677,6144,4832,1312,1274,"en","2014-07-31 12:24:02-07:00","2015-03-10 06:08:17-07:00",221,3,307,"active end progress complete offtopic rulechangeproposal recyclebin review"
"266",9554,"My Sanga Idea","http://ipbys.ideascale.com",9,75,0,4,0,108,86,399,358,41,221,"en","2010-07-09 08:40:29-07:00","2011-12-18 00:17:04-08:00",526,1,80,"active progress"
"267",20242,"MyGov","http://mygov.ideascale.com",3,60,3,2,5,75,44,72,67,5,12,"en","2012-08-23 09:35:46-07:00","2015-01-17 01:05:24-08:00",876,0,119,"active offtopic complete review recyclebin progress"
"268",27749,"MyUW Madison","http://myuw.ideascale.com",1,132,0,7,4,NA,419,2405,2268,137,211,"en","2014-11-17 08:57:36-08:00","2015-03-04 08:43:09-08:00",106,4,170,"active offtopic progress complete"
"269",2416,"mojomojo","http://mojomojo.ideascale.com",3,71,5,0,17,1307,60,229,162,11,46,"en","2008-11-13 16:05:44-08:00","2012-04-06 15:29:18-07:00",1239,1,65,"active complete review"
"270",15686,"NBA 2K Wishlist - Expanded","http://nba2kwishlist.ideascale.com",5,812,0,0,171,1454,963,11928,11091,837,1147,"en","2011-10-17 09:05:42-07:00","2015-03-01 13:01:47-08:00",1231,1,1491,"active complete"
"271",18279,"NBC IdeaFactory","http://nbc.ideascale.com",2,50,2,2,0,1257,685,1229,1010,219,283,"en","2012-02-28 13:59:33-08:00","2013-12-24 14:31:59-08:00",665,3,87,"active recyclebin review progress"
"272",8251,"NES - Feedback and Suggestions ","http://nes.feedback.ideascale.com",1,34,0,0,0,18,9,42,40,2,12,"en","2010-04-21 22:05:55-07:00","2010-06-15 22:14:21-07:00",55,1,42,"active"
"273",18685,"NISO Input Forum","http://niso.ideascale.com",4,39,0,0,0,56,47,245,227,18,57,"en","2012-03-29 08:00:46-07:00","2013-11-06 09:30:28-08:00",587,1,77,"active"
"274",25681,"NSW Health Statistics","http://nswhs.ideascale.com",1,46,0,0,0,22,18,248,232,16,68,"en","2013-09-05 16:07:15-07:00","2013-10-02 23:19:49-07:00",27,0,45,"active"
"275",22310,"NY Tech Meetup","http://nytechmeetup.ideascale.com",1,68,0,0,0,201,168,980,877,103,76,"en","2013-01-23 21:28:35-08:00","2013-07-18 03:10:22-07:00",175,1,102,"active"
"276",10282,"NYSASBO Ideas","http://nysasbo.ideascale.com",3,28,0,0,0,19,18,86,76,10,25,"en","2010-08-31 10:15:33-07:00","2010-10-07 11:36:40-07:00",37,2,0,"active"
"277",13834,"NZ Libraries in 2025: Ideas","http://nzlibraries.ideascale.com",5,148,16,7,0,49,24,97,89,8,193,"en","2011-05-01 16:01:41-07:00","2011-11-03 23:30:44-07:00",186,1,292,"active review progress"
"278",4760,"National Digital Stewardship Alliance: Join the national discussion","http://ndsa.ideascale.com",5,38,0,0,0,70,55,182,177,5,81,"en","2010-08-30 13:37:11-07:00","2014-11-10 09:57:05-08:00",1532,6,63,"active"
"279",30919,"NextDay Reseller Community","http://resellersonly.ideascale.com",3,23,0,0,0,1117,62,205,189,16,52,"en","2014-07-28 11:21:36-07:00","2015-02-13 17:29:18-08:00",200,1,22,"active"
"280",10469,"NiUG Feedback Session: Ideas for iMIS","http://niugpac.ideascale.com",15,370,2,5,24,305,273,3067,2995,72,228,"en","2010-09-13 04:26:10-07:00","2015-03-04 08:07:40-08:00",1633,5,470,"active complete offtopic progress recyclebin review"
"281",12187,"NiUG Training","http://niugtraining.ideascale.com",2,80,0,0,0,44,28,211,208,3,17,"en","2011-06-01 11:50:40-07:00","2011-12-19 08:05:26-08:00",200,1,72,"active"
"282",22801,"NitroDesk, Inc.","http://nitrodesk.ideascale.com",3,27,0,0,0,22,22,47,44,3,8,"en","2013-02-28 13:33:42-08:00","2014-05-06 04:59:26-07:00",431,1,36,"active"
"283",30857,"North Point Branch","http://northpointbranch.ideascale.com",4,111,0,0,0,23,18,1385,910,475,50,"en","2014-07-23 10:36:01-07:00","2014-07-31 13:26:20-07:00",8,1,0,"recyclebin active"
"284",12845,"Notes Plus Ideas","http://notesplus.ideascale.com",3,26,0,0,0,50,38,60,60,0,19,"en","2011-02-24 15:39:41-08:00","2011-07-21 13:50:41-07:00",146,1,34,"active"
"285",31203,"Nox Group","http://noxgroup.ideascale.com",1,69,0,0,0,18,12,177,164,13,77,"en","2014-08-19 11:45:41-07:00","2015-03-05 04:32:16-08:00",197,1,10,"active recyclebin"
"286",19127,"Nye tiltag i ITG","http://itgd.ideascale.com",3,135,1,4,2,8,8,103,99,4,57,"da","2012-05-07 06:54:03-07:00","2012-11-12 02:10:46-08:00",188,1,144,"active progress recyclebin complete offtopic review"
"287",23476,"nuove idee per Serrenti","http://comuneserrenti.ideascale.com",4,55,8,8,3,97,80,596,518,78,202,"it","2013-04-15 23:37:07-07:00","2014-05-31 23:40:33-07:00",411,2,191,"active review recyclebin progress complete"
"288",27183,"OBS Book Club","http://obsbookclub.ideascale.com",1,46,0,0,0,33,25,274,203,71,8,"en","2013-12-06 11:33:31-08:00","2014-12-18 11:23:09-08:00",376,2,17,"active recyclebin"
"289",33602,"ORNL Buildings Crowdsourcing Community","http://buildings.ideascale.com",3,47,0,0,0,NA,66,115,113,2,26,"en","2015-02-17 15:45:30-08:00","2015-03-10 13:19:27-07:00",20,3,157,"active recyclebin"
"290",23465,"OSEHRA","http://osehra.ideascale.com",4,29,0,0,0,22,20,208,157,51,103,"en","2013-04-15 05:23:30-07:00","2014-05-17 10:32:18-07:00",397,2,27,"active"
"291",7121,"OX Ideas","http://optionsxpress.ideascale.com",1,54,0,0,0,9,5,160,100,60,25,"en","2010-01-26 08:59:17-08:00","2010-01-26 12:43:19-08:00",0,1,109,"active"
"292",16950,"Odeeu11","http://odeeo.ideascale.com",5,59,3,28,0,13,10,420,366,54,55,"pt","2011-11-22 10:37:21-08:00","2011-12-22 06:44:09-08:00",29,1,156,"progress active review"
"293",26184,"Office of Disability Policy","http://ssa-disabilityideas.ideascale.com",2,63,0,0,0,NA,25,36,33,3,15,"en","2014-09-25 16:42:39-07:00","2014-12-19 13:58:56-08:00",84,1,0,"active"
"294",21401,"One IT","http://oneit.ideascale.com",1,32,0,0,0,70,61,291,239,52,125,"en","2012-11-12 05:32:36-08:00","2014-02-28 02:34:29-08:00",472,1,176,"active"
"295",8715,"OneBusAway Future Directions","http://onebusaway.ideascale.com",12,368,0,1,9,4053,1158,2872,2603,269,375,"en","2010-06-03 11:53:54-07:00","2015-03-05 20:03:28-08:00",1736,1,226,"active recyclebin progress complete"
"296",11269,"Online Community WIGs","http://ocwig.ideascale.com",1,47,0,0,0,12,7,10,9,1,12,"en","2010-11-04 13:26:43-07:00","2011-05-17 12:51:29-07:00",193,1,1,"active"
"297",23601,"Open Data Project","http://ssa-ideas.ideascale.com",1,79,0,0,0,383,137,578,500,78,125,"en","2014-01-14 05:08:59-08:00","2015-02-11 13:14:09-08:00",393,1,128,"offtopic active"
"298",29094,"Open Dialogue on Improving How to Do Business with the Federal Government","http://cxo.dialogue.cao.gov",3,196,0,0,0,NA,252,2057,1906,151,200,"en","2014-04-23 08:14:35-07:00","2014-05-05 16:12:02-07:00",12,2,529,"active offtopic"
"299",34710,"Open Innovation","http://zespri.ideascale.com",5,21,0,0,0,NA,44,173,139,34,40,"en","2013-09-27 15:58:02-07:00","2015-02-25 16:37:47-08:00",516,0,46,"stage-postandvote393 stage-refineidea775 offtopic stage-buildteam recyclebin stage-expertreview950 stage-assessment stage-greenlight-go! stage-estimateroi598"
"300",29475,"Ota kantaa asunto-osakeyhtiölakiin","http://www.vaikuta-asunto-osakeyhtiolakiin.fi",3,234,0,0,0,362,218,2936,2271,665,1443,"fi","2014-05-15 03:21:25-07:00","2014-06-19 13:55:13-07:00",35,1,296,"active"
"301",22684,"Our little Farm","http://newsbite.ideascale.com",5,28,0,0,0,10,8,88,49,39,50,"en","2013-03-04 15:01:35-08:00","2013-03-15 09:29:51-07:00",10,1,8,"active"
"302",12820,"OurCarnoustie Ideas","http://ourcarnoustie.ideascale.com",2,47,0,0,0,62,46,366,167,199,73,"en","2011-02-23 04:25:37-08:00","2013-05-14 02:59:36-07:00",810,1,36,"active"
"303",26194,"openpuertorico","http://openpuertorico.ideascale.com",3,47,0,0,0,90,68,274,251,23,18,"es","2013-09-28 08:30:56-07:00","2014-10-14 10:11:45-07:00",381,1,57,"active"
"304",27875,"PEO 2014","http://peo2014.ideascale.com",1,31,0,0,0,20,13,120,73,47,61,"en","2014-01-23 06:37:43-08:00","2014-01-29 15:40:57-08:00",6,1,4,"active"
"305",22022,"PGPMAX","http://pgpmax.ideascale.com",5,52,0,0,0,105,56,419,374,45,8,"en","2012-12-28 06:30:36-08:00","2013-04-08 00:07:57-07:00",100,1,5,"active"
"306",21986,"PRIMA PERSONA LAZIO","http://primapersonalazio.ideascale.com",3,70,0,7,0,971,810,1528,1494,34,164,"it","2012-12-21 07:55:37-08:00","2013-09-18 12:04:03-07:00",271,1,150,"active progress"
"307",2672,"PTC Media Ideas","http://ptcmedia.ideascale.com",6,33,1,1,3,112,82,314,266,48,43,"en","2009-01-08 07:47:38-08:00","2010-10-05 22:10:38-07:00",635,1,22,"active progress review complete"
"308",15157,"Panda Community","http://cloudav.ideascale.com",3,440,4,4,31,3528,900,7573,6479,1094,636,"en","2011-08-01 01:10:33-07:00","2015-03-09 10:37:56-07:00",1316,1,372,"active progress complete recyclebin review"
"309",9555,"Paratransit Dialogue","http://espatalks1.ideascale.com",6,77,0,0,0,287,152,367,367,0,186,"en","2010-07-26 06:30:52-07:00","2010-08-06 16:27:37-07:00",11,1,110,"active recyclebin"
"310",14912,"Partito Democratico del Friuli Venezia Giulia","http://pdfvg.ideascale.com",6,36,0,0,1,66,55,264,256,8,53,"it","2011-07-10 08:35:10-07:00","2013-04-26 13:03:17-07:00",656,1,57,"active complete"
"311",30320,"Pathfinder Online","http://pathfinderonlinecrowdforging.ideascale.com",13,394,0,0,0,540,503,26193,17450,8743,2600,"en","2014-06-22 20:34:20-07:00","2015-03-06 12:28:00-08:00",256,2,1584,"active recyclebin"
"312",20128,"Patriot Problem Solvers","http://patriotproblemsolvers.ideascale.com",1,35,1,0,0,20,19,71,48,23,15,"en","2012-08-03 10:57:57-07:00","2013-04-11 07:38:01-07:00",250,0,0,"active review"
"313",4276,"Pauline Books and Media ","http://paulinebooksandmedia.ideascale.com",3,36,0,0,0,89,22,50,47,1,0,"en","2009-06-03 13:14:44-07:00","2011-08-24 06:13:27-07:00",811,1,6,"active"
"314",9332,"PayChoice Ideas","http://paychoice.ideascale.com",2,24,3,0,11,25,12,8,7,1,11,"en","2010-10-20 12:09:00-07:00","2010-12-02 10:52:21-08:00",42,1,0,"complete active review"
"315",13364,"PayPlans","http://jpayplans.ideascale.com",6,183,4,4,56,259,227,889,826,63,178,"en","2011-03-31 22:49:40-07:00","2015-03-02 11:53:16-08:00",1431,1,409,"active complete recyclebin review progress"
"316",3720,"PeaceTogether","http://peacetogether.ideascale.com",8,36,0,0,0,77,11,82,69,11,40,"en","2009-04-16 00:00:00-07:00","2009-05-23 12:14:28-07:00",37,2,27,"active"
"317",2549,"Personalberatungen","http://umantis-labs.pb.ideascale.com",19,281,9,2,56,156,141,2221,2102,115,170,"de","2008-12-17 04:57:55-08:00","2014-09-24 05:41:20-07:00",2106,5,311,"active complete review recyclebin progress"
"318",5104,"Phi Kappa Theta Ideas","http://phikappatheta.ideascale.com",5,37,0,0,0,11,10,20,20,0,169,"en","2009-08-09 16:06:55-07:00","2010-05-18 19:49:30-07:00",282,1,17,"active"
"319",30614,"Plateforme collaborative","http://llio.ideascale.com",4,82,0,0,0,417,16,142,137,5,42,"fr","2014-12-13 19:27:42-08:00","2015-03-09 10:34:01-07:00",85,2,177,"recyclebin active"
"320",24010,"Politica Oltre","http://politicaoltre.ideascale.com",5,50,0,0,0,72,61,323,315,8,59,"it","2013-05-21 10:26:28-07:00","2014-11-17 07:20:07-08:00",544,1,78,"active"
"321",17463,"Previewnetworks","http://previewnetworks.ideascale.com",3,24,0,5,1,31,24,140,130,10,55,"en","2012-01-04 01:10:18-08:00","2013-11-08 06:46:51-08:00",674,1,58,"active progress complete"
"322",17253,"Prima Persona","http://inprimapersona.ideascale.com",10,81,0,0,0,102,80,265,255,10,18,"it","2011-12-14 06:22:42-08:00","2015-01-02 08:34:00-08:00",1115,0,282,"active recyclebin"
"323",32187,"Primary +","http://primaryplus.ideascale.com",5,107,9,0,0,236,77,269,260,9,240,"en","2014-10-27 14:35:27-07:00","2015-03-10 15:52:33-07:00",134,2,0,"active review"
"324",13016,"Prime Ideas","http://prm.ideascale.com",1,35,0,0,7,28,25,26,26,0,11,"en","2011-03-07 15:19:53-08:00","2013-11-19 21:48:45-08:00",988,1,9,"active recyclebin complete"
"325",3779,"Pro Tools Feedback Community","http://protools.ideascale.com",9,3072,7,1,140,6041,4953,100429,87402,12818,7524,"en","2009-08-14 13:12:25-07:00","2015-03-11 04:20:25-07:00",2034,4,5851,"active complete review recyclebin progress offtopic"
"326",13212,"Programming Ideas","http://sandersoncentre.ideascale.com",3,20,0,0,0,12,5,21,21,0,18,"en","2011-03-18 11:28:16-07:00","2011-03-18 11:44:16-07:00",0,1,0,"active"
"327",26872,"Project Fortnight","http://projectfortnight.ideascale.com",1,39,0,0,0,69,63,531,432,99,30,"en","2013-11-16 05:48:33-08:00","2014-05-24 18:37:54-07:00",189,2,19,"active recyclebin"
"328",12985,"Propuesta de reactivación Bicirrun Ideas","http://bicideas.ideascale.com",1,35,0,0,0,45,36,9,9,0,36,"es","2011-03-06 07:02:42-08:00","2011-04-09 18:21:44-07:00",34,1,39,"active"
"329",27481,"Protokoulu","http://protokoulu.ideascale.com",3,44,0,0,0,61,43,218,211,7,113,"fi","2013-12-27 15:14:58-08:00","2014-04-05 01:57:00-07:00",98,2,157,"active"
"330",28561,"Puerto Rico se Transforma","http://mesadeaccion.pr.gov",4,469,0,0,0,555,359,2277,1914,363,248,"es","2014-03-19 13:14:25-07:00","2014-04-03 07:38:20-07:00",14,0,0,"offtopic active"
"331",393,"QuestionPro Feedback via IdeaScale","http://questionpro.ideascale.com",6,502,12,1,58,1010,528,4387,4116,271,382,"en","2008-02-27 00:00:00-08:00","2015-02-04 08:54:20-08:00",2534,10,571,"active recyclebin complete review offtopic progress"
"332",19405,"Questionario per trasparenza candidati Agcom e Privacy","http://questionariotrasparenza.ideascale.com",2,51,0,0,0,113,98,692,673,19,25,"it","2012-05-29 01:46:17-07:00","2012-06-22 21:05:17-07:00",24,1,176,"active"
"333",31478,"Quiet Light Communications","http://qlc.ideascale.com",1,20,0,0,1,19,18,78,78,0,11,"en","2014-09-08 10:08:58-07:00","2014-09-17 09:03:36-07:00",8,1,6,"active complete"
"334",8874,"qSample Ideas","http://qsample.ideascale.com",3,165,0,0,0,288,186,1279,1160,119,73,"en","2010-05-17 12:49:52-07:00","2011-01-25 16:35:18-08:00",253,1,31,"active"
"335",11372,"R Cafe","http://therockschool.ideascale.com",6,66,0,0,0,41,29,233,204,29,49,"en","2010-11-10 20:15:15-08:00","2010-12-13 17:36:19-08:00",32,1,127,"active recyclebin"
"336",21016,"RCE Outreach","http://uspto-outreach.ideascale.com",11,31,0,0,0,66,41,87,80,7,39,"en","2012-12-06 18:16:17-08:00","2014-02-08 18:52:08-08:00",429,0,31,"active"
"337",3533,"RDS Logic Ideas","http://rdslogic.ideascale.com",3,64,0,0,7,22,17,209,180,29,26,"en","2009-06-25 11:00:22-07:00","2011-09-27 23:38:08-07:00",824,1,13,"active complete"
"338",11250,"RQUG - RamQuest User Group","http://rqug.ideascale.com",8,132,0,0,108,44,61,1462,1299,163,100,"en","2010-11-03 16:35:07-07:00","2014-07-11 13:03:36-07:00",1345,1,35,"recyclebin complete active"
"339",24766,"RWJF Forum","http://forum.rwjf.org",1,538,0,0,0,1903,1356,1361,1361,0,196,"en","2013-08-13 14:57:28-07:00","2013-09-06 20:58:10-07:00",24,0,2005,"active"
"340",15727,"RWks Int. Ideas","http://rwks.ideascale.com",9,139,0,1,7,12,12,363,351,12,122,"en","2011-09-02 09:53:41-07:00","2013-03-15 14:55:29-07:00",560,1,462,"active complete recyclebin progress"
"341",18951,"Ravaged Ideas Community","http://ravaged.ideascale.com",2,312,15,13,25,602,546,7973,6191,1782,533,"en","2012-04-23 21:43:43-07:00","2013-11-06 14:25:08-08:00",561,1,676,"active complete progress recyclebin review offtopic"
"342",32085,"Remploy Live Lab","http://remploy.ideascale.com",10,70,0,0,0,58,40,266,220,46,183,"en","2014-10-23 03:32:16-07:00","2015-02-11 05:26:31-08:00",111,1,37,"active"
"343",2224,"Rescatar a Lois","http://rescataralois.ideascale.com",2,204,0,0,0,565,48,99,96,3,85,"es","2008-10-09 03:51:38-07:00","2010-10-14 14:56:49-07:00",735,0,46,"active"
"344",25436,"Rescreatu Development","http://rescreatu.ideascale.com",5,152,0,14,0,183,159,4407,3367,1040,519,"en","2013-08-12 14:56:52-07:00","2014-06-28 15:37:15-07:00",320,1,489,"active recyclebin progress"
"345",21480,"Research Trends 2013 MENA","http://research2013.ideascale.com",1,20,0,0,0,96,45,166,161,5,8,"en","2012-11-17 10:38:17-08:00","2012-11-30 06:59:18-08:00",12,1,29,"active"
"346",11663,"Resume Builder","http://liresume.ideascale.com",1,167,0,2,9,1045,629,1469,1407,62,204,"en","2010-12-04 01:11:53-08:00","2015-03-05 12:40:07-08:00",1552,1,224,"active complete recyclebin progress"
"347",8423,"RetailMeNot.com Community Ideas","http://retailmenot.ideascale.com",4,309,4,1,14,736,272,1193,878,315,208,"en","2010-04-12 05:05:43-07:00","2015-02-15 17:42:12-08:00",1770,2,322,"active recyclebin offtopic review complete progress"
"348",4022,"Ricoh Latin America Ideas","http://ricohlatinamerica.ideascale.com",9,31,3,8,7,130,76,107,107,0,41,"es","2009-05-19 08:36:36-07:00","2014-11-19 06:14:11-08:00",2009,4,13,"review complete recyclebin active progress"
"349",25381,"Riddle Me This: Sermon Series","http://riddle-me-this.ideascale.com",2,39,0,0,7,34,27,198,136,62,11,"en","2013-08-08 14:07:10-07:00","2013-11-16 17:59:17-08:00",100,1,7,"active complete"
"350",12079,"RoboHelp HTML Ideas","http://robohelpideas.ideascale.com",3,29,0,0,5,12,11,99,98,1,11,"en","2011-01-07 10:16:04-08:00","2011-02-26 12:39:53-08:00",50,1,21,"active complete"
"351",14469,"RonPaul.com Feedback","http://ronpaul.ideascale.com",3,117,0,0,0,123,91,227,212,15,42,"en","2011-06-09 12:03:33-07:00","2012-04-01 11:50:42-07:00",296,0,146,"active recyclebin"
"352",22651,"Route DG HAN","http://routedghan.ideascale.com",5,32,0,0,0,354,31,167,162,5,15,"nl","2013-02-19 00:58:20-08:00","2013-08-09 08:02:14-07:00",171,1,15,"active"
"353",15728,"SACS Pro","http://tresite.ideascale.com",10,69,1,4,7,5,3,7,7,0,26,"es","2011-09-02 10:30:29-07:00","2012-10-17 13:16:46-07:00",411,1,53,"active progress complete review"
"354",25551,"SAN Contracting -  Ideas Management","http://san.ideascale.com",3,119,0,0,0,76,47,958,943,15,231,"en","2013-08-19 01:01:49-07:00","2013-12-09 23:20:57-08:00",112,2,159,"active"
"355",5993,"SGA","http://sga.ideascale.com",1,32,0,0,0,260,225,240,240,0,34,"en","2009-10-31 10:58:27-07:00","2011-11-16 12:40:43-08:00",746,0,25,"active"
"356",28807,"SMA Next-Gen Innovation Communities","http://strategymeetsaction.ideascale.com",27,386,0,0,0,90,36,98,96,2,57,"en","2014-07-28 07:52:05-07:00","2015-03-11 06:05:09-07:00",225,2,7,"active"
"357",7285,"SNAP Ideas","http://snap.ideascale.com",3,56,0,0,0,19,13,122,122,0,8,"en","2010-02-04 08:54:06-08:00","2010-02-04 09:30:18-08:00",0,1,40,"active"
"358",19157,"Sage 50 - Canadian Edition","http://sage50canadian.ideascale.com",14,348,21,4,18,691,415,2025,1894,131,725,"en","2012-10-05 11:33:04-07:00","2014-12-01 11:43:15-08:00",787,2,322,"active recyclebin offtopic review complete progress"
"359",19540,"Sage 50 –Édition canadienne","http://sage50editioncanadienne.ideascale.com",14,181,0,0,0,191,138,470,454,16,190,"fr","2012-11-10 06:35:46-08:00","2015-03-05 09:31:08-08:00",845,0,201,"active"
"360",28985,"Say YES to Higher Youth Education Standards","http://youtheducationstandards.ideascale.com",6,24,0,0,0,6,6,141,119,22,43,"en","2014-04-09 11:31:03-07:00","2014-04-09 13:54:30-07:00",0,1,36,"active"
"361",31696,"Scaling up online learning","http://scalinglearning.ideascale.com",3,23,0,0,0,75,55,193,156,37,48,"en","2014-09-26 13:22:55-07:00","2014-10-23 03:55:39-07:00",26,1,62,"active"
"362",23267,"SchoolsFirst Federal Credit Union","http://schoolsfirstfcu.ideascale.com",6,74,0,4,4,222,162,523,462,61,58,"en","2013-04-26 12:44:47-07:00","2015-02-18 09:18:45-08:00",662,1,121,"active complete offtopic recyclebin progress"
"363",19337,"SecondPrism Feedback","http://secondprism.ideascale.com",6,33,0,1,18,59,22,64,63,1,27,"en","2012-06-18 20:20:08-07:00","2014-01-15 04:04:48-08:00",575,2,34,"complete active progress offtopic"
"364",18958,"Session proposals","http://stoos.ideascale.com",1,56,0,0,0,116,100,650,585,65,121,"en","2012-04-24 04:31:22-07:00","2012-07-04 06:21:30-07:00",71,1,171,"active"
"365",22905,"Sheetz Ideaz","http://sheetz.ideascale.com",17,1174,9,27,35,3128,2638,26460,21898,4562,2100,"en","2013-04-05 06:14:33-07:00","2015-03-10 10:53:32-07:00",704,1,1897,"active offtopic complete progress review recyclebin"
"366",10373,"Shinken Ideas","http://shinken.ideascale.com",1,129,0,3,55,1918,255,877,735,142,235,"en","2010-09-07 05:51:28-07:00","2014-07-31 03:10:09-07:00",1422,1,136,"active complete recyclebin offtopic progress"
"367",28515,"SiAmo Vercelli","http://siamovercelli.ideascale.com",4,26,0,0,0,50,38,87,80,7,17,"it","2014-03-25 08:18:46-07:00","2014-05-19 11:49:53-07:00",55,1,36,"active"
"368",22044,"Siamo tutti candidati | Lello Troilo Presidente","http://siamotutticandidati.ideascale.com",10,21,0,0,0,20,15,95,94,1,5,"it","2013-02-08 02:49:56-08:00","2013-03-30 11:47:50-07:00",50,1,68,"active"
"369",22221,"Sibelius Feedback Community","http://sibelius.ideascale.com",6,616,3,4,14,659,555,9836,9419,417,1443,"en","2013-01-17 16:52:38-08:00","2015-03-09 02:29:01-07:00",780,3,1527,"active offtopic progress complete recyclebin review"
"370",24761,"Signavio Ideenportal","http://ideas.signavio.com",7,243,4,4,16,211,190,1695,1695,0,218,"de","2013-09-10 04:51:38-07:00","2015-03-10 07:10:20-07:00",546,4,0,"active recyclebin complete offtopic progress review"
"371",11732,"Silver Creek Entertainment Ideas","http://silvercreekentertainment.ideascale.com",17,251,0,0,12,278,222,1527,1008,519,453,"en","2010-12-09 17:59:20-08:00","2015-03-10 10:11:19-07:00",1551,2,103,"active complete recyclebin"
"372",3581,"Sim Dynasty Ideas","http://simdynasty.ideascale.com",11,605,0,3,84,435,404,24326,16589,7725,1129,"en","2009-04-07 00:00:00-07:00","2015-02-07 09:07:51-08:00",2132,1,418,"active complete recyclebin progress offtopic"
"373",28306,"Simply Business","http://sboperations.ideascale.com",1,39,0,0,0,193,43,88,87,1,15,"en","2014-03-10 02:38:06-07:00","2014-06-23 03:33:34-07:00",105,1,6,"active"
"374",528,"Six Hour Startup - IdeaFactory","http://sixhourstartup.ideascale.com",2,34,0,3,0,66,50,138,95,43,48,"en","2008-05-03 00:00:00-07:00","2008-11-21 21:01:29-08:00",202,1,22,"active recyclebin progress"
"375",20415,"SmAssetMan ideas","http://smassetman.ideascale.com",5,85,0,2,40,17,13,78,78,0,73,"ru","2012-08-30 00:49:46-07:00","2014-10-22 02:03:52-07:00",783,1,85,"active complete recyclebin progress"
"376",9376,"Smart Sensors Ideas - AuthenTec TrueSuite","http://authentec.ideascale.com",16,53,0,0,0,21,17,582,515,67,30,"en","2010-06-25 12:08:17-07:00","2010-06-27 10:07:36-07:00",1,1,0,"active"
"377",23076,"Social Security Administration:  Employees Vision 2025","http://ssa-e-asp.ideascale.com",6,993,0,0,0,5542,2351,33108,28209,4899,1337,"en","2014-04-16 05:35:52-07:00","2015-02-06 07:39:34-08:00",296,3,1150,"active offtopic"
"378",25374,"Social Security Administration:  Vision 2025","http://ssa1.ideascale.com",6,234,0,0,0,2531,98,1036,907,129,97,"en","2014-04-16 06:01:21-07:00","2015-01-30 06:27:48-08:00",289,0,294,"active offtopic"
"379",14670,"Sondaggio per Decimoputzu","http://sondaggiodecimoputzu.ideascale.com",1,25,0,0,0,23,17,204,181,23,20,"it","2011-07-20 13:31:52-07:00","2011-09-28 22:29:06-07:00",70,1,3,"active"
"380",17171,"SouthComm Thoughts","http://southcomm.ideascale.com",1,107,0,0,0,105,86,654,192,462,12,"en","2011-12-07 14:27:12-08:00","2012-03-02 14:38:52-08:00",86,1,11,"active"
"381",26587,"Space Engineers Suggestion box","http://spaceengineerssurgestionbox.ideascale.com",4,403,0,1,25,647,588,10325,9218,1107,589,"en","2013-10-27 09:07:10-07:00","2015-03-11 16:29:29-07:00",500,1,1108,"active complete progress recyclebin"
"382",28537,"St. Clair County Library System","http://scclib.ideascale.com",4,97,0,0,1,154,95,1524,1220,304,222,"en","2014-03-26 09:55:03-07:00","2015-01-06 10:58:15-08:00",286,1,104,"active complete"
"383",32486,"Stackpole-Hall Foundation","http://stackpolehall.ideascale.com",2,26,0,0,0,32,20,46,43,3,19,"en","2015-02-06 08:25:28-08:00","2015-03-06 08:50:16-08:00",28,1,19,"active"
"384",23419,"Stand AP!","http://standap.ideascale.com",5,26,0,0,0,142,51,261,255,6,38,"it","2013-04-11 03:10:10-07:00","2013-12-10 09:01:20-08:00",243,1,24,"active"
"385",18752,"Stanford Venture Class GT","http://ventureclassgt.ideascale.com",1,26,0,0,0,9,9,130,55,75,15,"es","2012-04-04 10:25:16-07:00","2012-04-04 10:57:49-07:00",0,1,0,"active"
"386",17552,"Startup Weekend GOV: Open NW","http://opennw.ideascale.com",1,56,0,0,0,132,105,224,212,12,29,"en","2012-03-28 02:25:02-07:00","2014-08-05 07:01:02-07:00",860,1,189,"active"
"387",17160,"Sterland Ideas Central","http://sterland.ideascale.com",5,70,10,7,14,35,26,205,191,14,180,"en","2011-12-11 14:55:49-08:00","2013-09-11 22:12:15-07:00",640,5,81,"active complete recyclebin review progress"
"388",28487,"Strategic Plan 2014","http://cchdplan.ideascale.com",7,27,0,0,0,67,41,408,358,50,44,"en","2014-03-05 07:24:19-08:00","2014-04-25 12:58:28-07:00",51,1,5,"active"
"389",16987,"Suomi 2012","http://suomi2012.ideascale.com",5,29,0,0,0,6,6,38,38,0,27,"fi","2011-11-24 01:10:09-08:00","2011-12-19 08:54:24-08:00",25,0,56,"active"
"390",31707,"Syntegrity","http://syntegrity.ideascale.com",1,35,0,0,0,18,12,139,99,40,95,"en","2015-01-16 13:17:25-08:00","2015-01-30 11:54:41-08:00",13,1,29,"active"
"391",2361,"saanich","http://saanich.ideascale.com",4,29,0,2,0,17,10,113,112,1,24,"en","2008-11-02 20:28:37-08:00","2008-11-11 13:41:53-08:00",8,5,26,"active progress"
"392",29727,"simakers","http://simakers.ideascale.com",10,119,1,0,0,131,89,170,169,1,23,"it","2014-07-11 06:22:12-07:00","2015-01-09 03:23:46-08:00",181,1,336,"active review"
"393",11275,"snom ONE Ideas","http://snomone.ideascale.com",4,103,0,0,8,46,40,282,278,4,50,"en","2010-11-04 21:00:48-07:00","2013-09-14 11:25:32-07:00",1044,1,182,"active complete"
"394",14727,"TEMPIO ATTIVA","http://tempioattiva.ideascale.com",10,22,0,0,0,38,26,177,171,6,15,"it","2011-07-03 03:25:28-07:00","2012-09-28 00:07:53-07:00",452,1,42,"active"
"395",3004,"Tapestry 5 Caffe","http://tapestry5.ideascale.com",7,32,0,0,3,66,35,106,97,9,15,"en","2009-02-09 14:05:40-08:00","2015-01-10 01:26:43-08:00",2160,1,16,"active complete"
"396",16121,"Team ExpertRating","http://expertrating.ideascale.com",1,21,0,0,0,31,25,108,106,2,46,"en","2011-09-28 01:48:53-07:00","2013-12-31 06:33:00-08:00",825,1,10,"active"
"397",11102,"Technology Efficacy Suggestions/Survey","http://techefficacy.ideascale.com",1,26,0,0,0,6,6,29,29,0,8,"en","2010-10-23 08:35:42-07:00","2014-02-09 10:44:58-08:00",1205,1,5,"active"
"398",30311,"Tesrenewal Skywind","http://skywind.ideascale.com",2,142,0,1,0,253,208,2947,816,2131,241,"en","2014-06-25 10:12:41-07:00","2015-03-02 19:17:58-08:00",250,1,237,"active offtopic recyclebin progress"
"399",24509,"The Beerenberg Family Farm","http://beerenberg.ideascale.com",2,28,10,1,5,81,62,109,93,16,40,"en","2013-06-19 00:51:20-07:00","2014-12-20 22:45:35-08:00",549,1,15,"active review complete progress recyclebin"
"400",9186,"The Lion Den","http://fairfaxhighschool.ideascale.com",4,28,0,0,0,140,92,642,403,239,27,"en","2010-06-15 13:02:32-07:00","2010-07-09 14:37:59-07:00",24,1,7,"active recyclebin"
"401",14448,"The Really Useful Event 2011","http://ru11.ideascale.com",1,21,0,0,0,47,34,92,86,6,24,"en","2011-06-13 06:22:21-07:00","2011-06-30 14:19:28-07:00",17,1,69,"active"
"402",25246,"The South Tyrol Digital Agenda","http://southtyroldigitalagenda.ideascale.com",5,21,0,0,0,98,77,199,196,3,19,"it","2013-08-15 09:56:56-07:00","2013-09-17 07:56:23-07:00",32,1,100,"active"
"403",29117,"The U.S. Community Safety and Resilience Hub","http://uscsrh.ideascale.com",5,32,0,0,0,5,3,86,86,0,25,"en","2014-04-12 12:52:49-07:00","2015-02-21 08:48:25-08:00",314,1,127,"active"
"404",24427,"The VMware Log Insight Community","http://loginsight.vmware.com",4,141,13,3,0,738,127,692,681,11,287,"en","2013-07-14 22:59:35-07:00","2015-03-11 09:58:21-07:00",604,5,109,"active progress recyclebin review implemented archived"
"405",32606,"Thrive island","http://thriveisland.ideascale.com",3,50,11,11,5,47,32,329,305,24,28,"en","2014-11-26 05:59:44-08:00","2015-03-01 03:02:27-08:00",94,0,56,"active progress review complete"
"406",14961,"Top 100 Public Spaces in the U.S.","http://publicspaces.ideascale.com",1,212,0,0,0,1067,789,1160,1160,0,95,"en","2011-09-14 17:14:16-07:00","2011-10-14 17:09:24-07:00",29,1,533,"active"
"407",2746,"Topala Software Solutions Ideas","http://gtopala.ideascale.com",2,118,0,0,70,28,116,404,205,61,151,"en","2009-01-28 08:34:41-08:00","2010-06-15 05:20:09-07:00",502,1,34,"active complete"
"408",16359,"Torchmark Convention","http://tmkconvention.ideascale.com",3,20,0,0,0,8,8,49,45,4,14,"en","2011-10-13 12:48:01-07:00","2012-07-04 18:55:57-07:00",265,1,0,"active"
"409",10319,"Torq Feedback Community","http://avid.torq.ideascale.com",4,180,0,0,6,259,212,2247,2081,166,329,"en","2011-02-08 15:04:11-08:00","2013-01-05 18:17:45-08:00",697,1,442,"active complete recyclebin"
"410",11071,"Town Square of Placemaking Brainstorm","http://projectforpublicspaces.ideascale.com",2,81,0,0,0,50,30,292,285,7,18,"en","2010-11-05 13:36:14-07:00","2011-09-13 11:57:17-07:00",311,0,45,"active"
"411",9340,"Trademark Policy Collaboration Site","http://uspto-tmep.ideascale.com",23,665,261,0,24,228,108,662,519,143,427,"en","2011-01-13 08:15:45-08:00","2015-03-02 14:33:24-08:00",1509,2,743,"recyclebin active review complete offtopic"
"412",27191,"the community to propose Mix-it 2014 speakers","http://mix-it.ideascale.com",1,48,0,0,0,53,37,226,222,4,24,"fr","2013-12-13 00:43:46-08:00","2014-02-01 09:59:17-08:00",50,2,104,"offtopic active"
"413",31295,"torredecontrol","http://torredecontrol.ideascale.com",4,84,0,0,0,11,6,50,47,3,7,"es","2014-08-22 09:13:14-07:00","2014-09-17 13:04:48-07:00",26,1,28,"active"
"414",26884,"transformrockford","http://transformrockford.ideascale.com",5,373,0,0,0,335,243,3048,2395,653,886,"en","2013-11-17 19:41:37-08:00","2014-09-23 23:54:58-07:00",310,1,288,"active"
"415",31834,"UCSF FCM Residents","http://ucsffcmresidents.ideascale.com",3,22,0,0,0,51,25,114,95,19,41,"en","2014-10-05 11:27:07-07:00","2014-11-07 12:30:58-08:00",33,1,9,"active"
"416",21425,"UM Strategy","http://cesandbox.ideascale.com",3,114,0,0,0,74,37,921,725,196,149,"en","2013-02-14 09:23:03-08:00","2014-01-23 09:09:45-08:00",342,3,57,"active"
"417",5111,"US Educational Broadband Planning","http://usbroadband4ed.ideascale.com",13,25,0,0,0,70,35,48,44,4,30,"en","2009-08-13 18:19:10-07:00","2011-11-06 11:49:07-08:00",814,0,59,"active"
"418",31683,"USPTO Beta Website – Public Comments","http://uspto-beta.ideascale.com",3,51,2,0,1,NA,67,132,110,22,44,"en","2014-12-15 12:39:41-08:00","2015-02-06 12:43:47-08:00",53,1,63,"active review recyclebin complete"
"419",16614,"Underscore ideas","http://underscore.ideascale.com",3,81,0,0,20,67,39,119,114,5,48,"en","2011-11-02 04:01:03-07:00","2014-03-07 20:39:35-08:00",856,1,76,"active complete recyclebin"
"420",32911,"Universal Devices","http://udi.ideascale.com",4,30,2,0,1,52,45,249,234,15,21,"en","2014-12-16 15:15:32-08:00","2015-03-03 12:13:32-08:00",76,1,33,"active complete review"
"421",24987,"University of Hawaii Professional Assembly","http://uhpa.ideascale.com",9,317,0,0,0,4082,146,2026,1882,144,207,"en","2013-07-16 16:34:39-07:00","2014-06-28 10:38:21-07:00",346,1,69,"active"
"422",9869,"Uptown Solutions","http://uptownsolutions.ideascale.com",4,24,0,0,0,59,43,209,141,68,51,"en","2010-08-26 01:26:29-07:00","2013-06-12 01:11:32-07:00",1020,1,16,"active"
"423",24019,"User Community","http://weathermatic.ideascale.com",2,83,10,5,15,52,34,359,356,3,80,"en","2013-05-21 19:28:43-07:00","2015-02-28 16:39:25-08:00",647,1,64,"active complete progress recyclebin review"
"424",5162,"VENUE: A Revolution in Live Sound","http://avid.venue.ideascale.com",5,451,0,0,16,594,480,8986,7980,1006,859,"en","2009-10-09 00:32:49-07:00","2015-03-10 22:52:47-07:00",1978,5,584,"active complete recyclebin"
"425",15574,"VIVO open source collaboration ideas forum","http://vivo.ideascale.com",6,187,0,1,16,22,16,90,88,2,69,"en","2011-08-20 13:15:00-07:00","2013-12-09 07:18:52-08:00",841,1,528,"active complete progress"
"426",8531,"VTA Ideas","http://vta.ideascale.com",5,233,15,17,10,214,155,825,696,129,215,"en","2010-04-23 14:14:19-07:00","2014-11-29 10:49:30-08:00",1680,1,222,"active progress review complete"
"427",26290,"Validator Community","http://validator.ideascale.com",1,28,0,0,5,25,21,61,59,2,23,"en","2013-10-04 10:37:45-07:00","2015-02-18 13:34:55-08:00",502,1,42,"active complete"
"428",6596,"VegGuide Ideas & Bugs","http://vegguide.ideascale.com",2,25,0,0,7,6,5,43,41,2,18,"en","2009-12-05 11:17:01-08:00","2011-06-12 16:14:38-07:00",554,1,0,"complete active recyclebin"
"429",12054,"Version 12 Ideas","http://escv12.ideascale.com",2,94,0,29,1,12,10,55,55,0,31,"en","2011-01-06 05:17:35-08:00","2011-07-07 12:17:05-07:00",182,1,13,"active progress recyclebin complete"
"430",23338,"Video Poker Duel","http://videopokerduel.ideascale.com",1,26,0,0,0,26,18,94,70,24,23,"en","2013-04-05 10:45:52-07:00","2014-07-30 10:53:50-07:00",481,1,13,"active recyclebin"
"431",17485,"Voice of Washington State - Central Puget Sound","http://voiceofwashingtonstate-central-puget-sound.ideascale.com",7,57,0,0,0,332,171,959,852,107,129,"en","2012-07-25 10:09:56-07:00","2015-03-07 17:20:25-08:00",955,0,90,"active recyclebin"
"432",3146,"vdl2 Ideas","http://vdl2.ideascale.com",9,26,2,1,0,34,20,80,64,16,29,"fr","2009-02-24 11:03:38-08:00","2009-06-09 05:34:59-07:00",104,1,38,"active review progress"
"433",33512,"WCC English","http://wccenglish.ideascale.com",3,123,0,0,0,49,41,564,562,2,11,"en","2015-01-20 12:10:58-08:00","2015-02-26 19:19:50-08:00",37,0,5,"active"
"434",27351,"WCMC Ideas","http://wcmcits.ideascale.com",1,222,22,43,50,184,171,1629,1579,50,427,"en","2013-12-20 12:11:42-08:00","2014-12-26 11:41:11-08:00",370,1,366,"active offtopic review recyclebin complete progress"
"435",23026,"WCMC-Q ITS","http://wcmcqits.ideascale.com",3,26,0,0,0,48,25,71,68,3,24,"en","2013-03-16 21:48:30-07:00","2014-12-02 21:28:18-08:00",626,1,13,"active"
"436",13255,"WSSDA IdeaScale","http://wssda.ideascale.com",5,79,0,0,0,61,35,825,612,213,62,"en","2011-03-21 21:20:58-07:00","2011-04-12 13:15:04-07:00",21,0,38,"active"
"437",20981,"Wake Up and Dream","http://wakeupanddream.ideascale.com",9,30,0,0,0,69,16,95,92,3,30,"en","2012-10-12 11:33:05-07:00","2013-02-15 13:34:53-08:00",126,1,67,"active"
"438",9712,"Wanderlust Ideas ","http://wanderlust.ideascale.com",3,20,0,0,0,19,13,24,21,3,10,"en","2010-07-20 13:45:59-07:00","2010-07-28 08:19:51-07:00",7,1,7,"active"
"439",32029,"We Are Cities","http://wearecities.ideascale.com",7,167,0,0,0,NA,140,1006,968,38,122,"en","2014-11-13 07:59:29-08:00","2015-03-11 20:57:39-07:00",118,3,335,"active"
"440",3030,"Web Directions South","http://webdirections.ideascale.com",5,92,0,0,0,311,52,1504,631,198,325,"en","2009-02-16 14:56:53-08:00","2009-04-13 11:39:42-07:00",55,1,124,"active recyclebin"
"441",27028,"Web-based Feedback for Transit Agencies","http://b43.ideascale.com",3,36,0,0,0,83,66,416,375,41,73,"en","2013-11-27 02:43:18-08:00","2014-04-19 08:46:08-07:00",143,2,70,"active"
"442",28757,"WebFormZ for iMIS","http://webformz.ideascale.com",3,27,0,0,0,15,14,34,34,0,17,"en","2014-03-24 08:01:04-07:00","2015-01-21 21:04:15-08:00",303,1,4,"active"
"443",21927,"WebWise 2014","http://webwise.ideascale.com",3,75,0,0,0,316,154,812,792,20,26,"en","2012-12-21 06:27:34-08:00","2014-02-10 07:56:56-08:00",416,1,237,"active"
"444",33257,"Werkbond","http://werkbond.ideascale.com",9,79,0,0,0,2510,774,10416,9625,791,512,"nl","2015-01-12 05:31:16-08:00","2015-02-28 03:28:34-08:00",46,2,58,"active"
"445",27955,"Weyforward","http://weyforward.ideascale.com",5,85,0,0,0,257,199,909,843,66,145,"en","2014-01-29 01:24:09-08:00","2015-03-03 08:29:10-08:00",398,1,184,"active"
"446",13369,"Wharton MBA Academic Advisory Board","http://whartonacademicadvisoryboard.ideascale.com",4,26,0,0,0,51,15,35,34,1,55,"en","2011-03-29 08:22:39-07:00","2011-10-26 06:44:15-07:00",210,2,36,"active"
"447",11560,"What would you like to see on the CSC Facebook page?","http://cscsingaporefacebook.ideascale.com",1,43,0,0,0,56,29,65,47,18,6,"en","2010-12-07 17:19:36-08:00","2013-06-26 08:10:51-07:00",931,0,11,"active"
"448",11415,"What's next?","http://textme.ideascale.com",2,86,2,1,1,1910,198,493,388,105,23,"en","2010-11-14 08:34:53-08:00","2012-08-12 08:02:02-07:00",636,1,45,"active recyclebin offtopic progress complete review"
"449",3820,"Work Better. More Life.","http://methodus.ideascale.com",7,162,0,0,0,55,43,404,360,44,78,"pt","2009-04-28 00:00:00-07:00","2010-09-03 07:05:02-07:00",493,1,2,"active recyclebin"
"450",18868,"World Cerebral Palsy Day","http://ideas.worldcpday.org",1,462,0,0,0,6838,817,2055,2055,0,151,"en","2014-07-24 01:05:30-07:00","2014-10-30 17:29:37-07:00",98,2,859,"active"
"451",10240,"Wormhole Idea Factory Ideas","http://wormholeideafactory.ideascale.com",6,78,0,0,0,474,320,2994,2102,890,230,"en","2010-08-28 09:55:40-07:00","2011-08-31 11:28:46-07:00",368,0,137,"active"
"452",20115,"WpgDotNetUg","http://wpgdotnet.ideascale.com",1,41,4,0,14,70,64,433,363,70,17,"en","2012-08-02 21:02:25-07:00","2014-07-09 09:00:48-07:00",705,2,94,"active complete review"
"453",21177,"XP2013","http://xp2013.ideascale.com",4,133,77,0,0,205,160,639,579,60,329,"en","2012-11-18 07:04:07-08:00","2013-03-06 09:15:20-08:00",108,2,0,"review active"
"454",23145,"You(th) got the power","http://l360.ideascale.com",8,182,0,0,0,171,158,3731,2981,750,95,"nl","2013-03-25 05:33:03-07:00","2013-04-19 06:14:42-07:00",25,2,108,"active"
"455",32544,"Young Influencers","http://yi.ideascale.com",8,60,0,0,0,45,30,157,157,0,21,"en","2014-11-23 10:44:10-08:00","2014-12-16 01:52:20-08:00",22,2,86,"active"
"456",33443,"Zenika","http://zenika.ideascale.com",3,34,0,1,2,76,70,415,359,56,52,"fr","2015-01-08 11:24:13-08:00","2015-03-02 02:38:04-08:00",52,1,31,"active complete progress"
